name,price,link,image
Pneu toute-saison Michelin Defender 2 pour véhicules de tourisme et multisegments,262.99,https://www.canadiantire.ca/fr/pdp/pneu-toute-saison-michelin-defender-2-pour-vehicules-de-tourisme-et-multisegments-5081008p.html,https://media-www.canadiantire.ca/product/automotive/tires/all-season-tires/0074935/225-65r17-michelin-defender-2-c5b183e3-99bd-4fb0-933b-cd631eeb6717-jpgrendition.jpg?im=whresize&wid=200&hei=200
"Fauteuil de salle à manger de jardin/d'extérieur en osier CANVAS Jasper, toute saison, paq. 2",299.93,https://www.canadiantire.ca/fr/pdp/fauteuil-de-salle-a-manger-de-jardin-d-exterieur-en-osier-canvas-jasper-toute-saison-paq-2-1880272p.html,https://media-www.canadiantire.ca/product/seasonal-gardening/backyard-living/outdoor-furniture/1880272/canvas-jasper-dining-chair-2pk-2a5479fd-5f27-4f3d-85e2-8b4b9fa230c9-jpgrendition.jpg?im=whresize&wid=200&hei=200
"Chaises de salle à manger bois massif et garniture en similicuir CANVAS Evanʼs Creek, paq. 2, brun",159.93,https://www.canadiantire.ca/fr/pdp/chaises-de-salle-a-manger-bois-massif-et-garniture-en-similicuir-canvas-evan-s-creek-paq-2-brun-0689597p.html,https://media-www.canadiantire.ca/product/living/home-decor/furniture/0689597/canvas-evan-s-creek-dining-chair-2-pack-287d3dbe-9c5e-41ca-9ef5-b1b9bb38cc44-jpgrendition.jpg?im=whresize&wid=200&hei=200
"Chaise de salle à manger CANVAS Minto, noir",39.93,https://www.canadiantire.ca/fr/pdp/chaise-de-salle-a-manger-canvas-minto-noir-1680107p.html,https://media-www.canadiantire.ca/product/living/home-decor/furniture/1680107/canvas-minto-dining-chair-black-2349305a-ab0e-40fa-9e1e-605f6260be95.png?im=whresize&wid=200&hei=200
"Chaise de salle à manger CANVAS Cornwall, ivoire",49.93,https://www.canadiantire.ca/fr/pdp/chaise-de-salle-a-manger-canvas-cornwall-ivoire-1680104p.html,https://media-www.canadiantire.ca/product/living/home-decor/furniture/1680104/canvas-cornwall-dining-chair-ivory-2c97dfa3-c816-4459-9fdd-5621ad0b4aba-jpgrendition.jpg?im=whresize&wid=200&hei=200
Pneu toutes saisons Michelin CrossClimate 2 pour véhicules de tourisme et multisegments,494.99,https://www.canadiantire.ca/fr/pdp/pneu-toutes-saisons-michelin-crossclimate-2-pour-vehicules-de-tourisme-et-multisegments-3086342p.html,https://media-www.canadiantire.ca/product/automotive/tires/all-season-tires/3086342/-205-55r16-91h-crossclmate2-a-w-35861--cb4145f5-188f-46fb-a4f4-2faf49974e90-jpgrendition.jpg?im=whresize&wid=200&hei=200
"Fauteuil de salle à manger d'extérieur/de terrasse CANVAS Belwood en aluminium et osier, paq. 2",349.99,https://www.canadiantire.ca/fr/pdp/fauteuil-de-salle-a-manger-d-exterieur-de-terrasse-canvas-belwood-en-aluminium-et-osier-paq-2-0880541p.html,https://media-www.canadiantire.ca/product/seasonal-gardening/backyard-living/outdoor-furniture/0880541/canvas-belwood-aluminum-dining-chair-2-pack-de38f891-c44a-49df-a4e2-897c643e77fb-jpgrendition.jpg?im=whresize&wid=200&hei=200
"Chaise d'extérieur empilable en plastique léger CANVAS Como pour la terrasse et la salle à manger. Résistante à la décoloration et aux taches, 18 po",19.93,https://www.canadiantire.ca/fr/pdp/chaise-d-exterieur-empilable-en-plastique-leger-canvas-como-pour-la-terrasse-et-la-salle-a-manger-resistante-a-la-decoloration-et-aux-taches-18-po-1880396p.html,https://media-www.canadiantire.ca/product/seasonal-gardening/backyard-living/outdoor-furniture/1880397/canvas-como-stacking-chair-black-5d68b743-a549-4973-8cf0-faabf4c56fa1-jpgrendition.jpg?im=whresize&wid=200&hei=200
"Pneu toute saison Michelin Defender LTX M/S pour VUS, VUM et camionnettes",295.99,https://www.canadiantire.ca/fr/pdp/pneu-toute-saison-michelin-defender-ltx-m-s-pour-vus-vum-et-camionnettes-4080743p.html,https://media-www.canadiantire.ca/product/automotive/tires/light-truck-tires/0061086/p235-70r16-defender-ltx-93461cb5-3579-4f98-b3f7-8144fcb4231d-jpgrendition.jpg?im=whresize&wid=200&hei=200
"Grande baguette à bulles avec liquide à bulles It's Bubbles!, bleu, 4 ans et plus, pour activités estivales et d'extérieur",1.93,https://www.canadiantire.ca/fr/pdp/grande-baguette-a-bulles-avec-liquide-a-bulles-it-s-bubbles-bleu-4-ans-et-plus-pour-activites-estivales-et-d-exterieur-0506256p.html,https://media-www.canadiantire.ca/product/seasonal-gardening/toys/seasonal-toys/0506256/big-bubble-wand-d2f6214d-e96c-4047-93ea-43dc23053c1d-jpgrendition.jpg?im=whresize&wid=200&hei=200
"Tapis de salle de bains CANVAS en coton, 20 x 34 po",11.93,https://www.canadiantire.ca/fr/pdp/tapis-de-salle-de-bains-canvas-en-coton-20-x-34-po-0632709p.html,https://media-www.canadiantire.ca/product/living/home-decor/bed-bath-decor/0632710/beige-bathroom-mat-20x34-4ddd8905-71c8-40db-b7e7-d49288989bc8-jpgrendition.jpg?im=whresize&wid=200&hei=200
"Applique de salle de bain à 4 lampes abat-jour en verre blanc givré carré CANVAS Neptune, chrome",39.93,https://www.canadiantire.ca/fr/pdp/applique-de-salle-de-bain-a-4-lampes-abat-jour-en-verre-blanc-givre-carre-canvas-neptune-chrome-0523621p.html,https://media-www.canadiantire.ca/product/living/home-decor/lighting/0523621/canvas-vanity-4-light-neptune-1a528fee-7bc6-4218-977f-76f1ca66ffba-jpgrendition.jpg?im=whresize&wid=200&hei=200
"Robinet de lavabo de salle de bains Kohler Elliston, à double poignée, chrome",99.93,https://www.canadiantire.ca/fr/pdp/robinet-de-lavabo-de-salle-de-bains-kohler-elliston-a-double-poignee-chrome-0634732p.html,https://media-www.canadiantire.ca/product/fixing/plumbing/faucets-fixtures/0634732/kohler-elliston-centre-set-bathroom-faucet-chrome-7039c6cd-b5cd-4c9b-ab66-15e432114885.png?im=whresize&wid=200&hei=200
"Porte-papier hygiénique pivotant Moen Sage pour salle de bains, nickel brossé",29.93,https://www.canadiantire.ca/fr/pdp/porte-papier-hygienique-pivotant-moen-sage-pour-salle-de-bains-nickel-brosse-0636226p.html,https://media-www.canadiantire.ca/product/fixing/plumbing/faucets-fixtures/0636226/moen-sage-pivoting-paper-holder-brushed-nickel-013c67ac-500a-463e-b727-4b56f984ead0-jpgrendition.jpg?im=whresize&wid=200&hei=200
Montre intelligente ApexFit E02L avec écran tactile,18.53,https://www.canadiantire.ca/fr/pdp/montre-intelligente-apexfit-e02l-avec-ecran-tactile-0356234p.html,https://media-www.canadiantire.ca/product/automotive/car-care-accessories/auto-electronics/0356234/e02l-smartwatch-d3053f39-f35f-4575-8d88-e40940e165dc-jpgrendition.jpg?im=whresize&wid=200&hei=200
Wall Stories – Pat'Patrouille – La Fête de la Grande Vallée – Autocollant mural interactif avec réalité augmentée,14.93,https://www.canadiantire.ca/fr/pdp/wall-stories-pat-patrouille-la-fete-de-la-grande-vallee-autocollant-mural-interactif-avec-realite-augmentee-3997602p.html,https://media-www.canadiantire.ca/product/fixing/paint/paints/3997602/wall-stories-paw-patrol-interactive-wall-sticker-3b8addc1-96c8-426f-9c66-be8a1e6736c2-jpgrendition.jpg?im=whresize&wid=200&hei=200
"Robinet de lavabo de salle de bains central Delta Faucet Struct, poignée simple, certifié WaterSense, 4 po, nickel brossé",99.93,https://www.canadiantire.ca/fr/pdp/robinet-de-lavabo-de-salle-de-bains-central-delta-faucet-struct-poignee-simple-certifie-watersense-4-po-nickel-brosse-0639892p.html,https://media-www.canadiantire.ca/product/fixing/plumbing/faucets-fixtures/0639892/delta-struct-1-handle-lavatory-faucet-matte-black-bc3d168a-78b2-46aa-bdb5-57d2f3caa99a-jpgrendition.jpg?im=whresize&wid=200&hei=200
"Applique de salle de bain en forme de goutte à 3 lampes abat-jour en verre transparent CANVAS, nickel brossé",39.93,https://www.canadiantire.ca/fr/pdp/applique-de-salle-de-bain-en-forme-de-goutte-a-3-lampes-abat-jour-en-verre-transparent-canvas-nickel-brosse-0529295p.html,https://media-www.canadiantire.ca/product/living/home-decor/lighting/0529295/canvas-amelia-3-light-brushed-nickel-vanity-light-059a7d81-348e-4476-829b-4adf85197f6d-jpgrendition.jpg?im=whresize&wid=200&hei=200
"Applique de salle de bain à 3 lampes abat-jour en verre transparent CANVAS Sadie, chrome",39.93,https://www.canadiantire.ca/fr/pdp/applique-de-salle-de-bain-a-3-lampes-abat-jour-en-verre-transparent-canvas-sadie-chrome-0527880p.html,https://media-www.canadiantire.ca/product/living/home-decor/lighting/0527880/canvas-sadie-3-light-vanity-light-70931643-6023-4f77-b36b-dcd71d66a622-jpgrendition.jpg?im=whresize&wid=200&hei=200
"Roue/jante en alliage CRW GT1 pour véhicule de tourisme/VUM, noir lustré",127.99,https://www.canadiantire.ca/fr/pdp/roue-jante-en-alliage-crw-gt1-pour-vehicule-de-tourisme-vum-noir-lustre-2410655p.html,https://media-www.canadiantire.ca/product/automotive/tires/wheels-and-accessories/2410693/crw-gt1-alloy-wheel-gloss-black-18x8-0-5x100-c-bore-54-1-10004ad6-dc05-4833-a138-fb4f1ea88a3c-jpgrendition.jpg?im=whresize&wid=200&hei=200
"Bouteille d'eau réutilisable portative isotherme en acier inoxydable avec paille intégrée Owala FreeSip, couleurs variées, 24 oz",29.93,https://www.canadiantire.ca/fr/pdp/bouteille-d-eau-reutilisable-portative-isotherme-en-acier-inoxydable-avec-paille-integree-owala-freesip-couleurs-variees-24-oz-2420884p.html,https://media-www.canadiantire.ca/product/living/kitchen/food-storage/2423489/owala-24oz-freesip-in-very-very-dark-black-water-bottle-7d6fbd9e-20c8-40d8-a5cf-8abf7c7a004f-jpgrendition.jpg?im=whresize&wid=200&hei=200
Pneu MotorMaster Winter Edge HD pour camionnette et VUS,185.99,https://www.canadiantire.ca/fr/pdp/pneu-motormaster-winter-edge-hd-pour-camionnette-et-vus-0061082p.html,https://media-www.canadiantire.ca/product/automotive/tires/winter-tires/0061098/-p235-65r16-120-116r-motomaster-winter-edge-hd-d0a35600-f970-4f8f-9b47-4b81ad7a4803-jpgrendition.jpg?im=whresize&wid=200&hei=200
"Roue/jante en alliage CRW GT1 pour véhicule de tourisme/VUM, gris métallisé",133.99,https://www.canadiantire.ca/fr/pdp/roue-jante-en-alliage-crw-gt1-pour-vehicule-de-tourisme-vum-gris-metallise-2410656p.html,https://media-www.canadiantire.ca/product/automotive/tires/wheels-and-accessories/2410678/crw-gt1-alloy-wheel-gunmetal-grey-17x7-0-5x114-3-c-bore-67-1-be8d5096-a8b8-4853-bb44-6e5e91c1e1f6-jpgrendition.jpg?im=whresize&wid=200&hei=200
"Tasse isotherme en acier inoxydable Manna Tahoe avec couvercle étanche, 20 oz",13.93,https://www.canadiantire.ca/fr/pdp/tasse-isotherme-en-acier-inoxydable-manna-tahoe-avec-couvercle-etanche-20-oz-1426324p.html,https://media-www.canadiantire.ca/product/living/kitchen/food-storage/1426324/manna-tahoe-stainless-steel-insulated-mug-d780186a-7e9d-423b-8d3f-708d66b23360-jpgrendition.jpg?im=whresize&wid=200&hei=200
Pneu Michelin Pilot Sport A/S 4 pour véhicules de tourisme et multisegments,298.99,https://www.canadiantire.ca/fr/pdp/pneu-michelin-pilot-sport-a-s-4-pour-vehicules-de-tourisme-et-multisegments-3085780p.html,https://media-www.canadiantire.ca/product/automotive/tires/performance-tires/0073605/p215-50r17-95y-michelin-pilot-sport-a-s-4--d8a54d70-3dc5-4a30-9e2e-32e6874a4df6-jpgrendition.jpg?im=whresize&wid=200&hei=200
"Bâton de hockey en composite CCM RibCor Prime, jeunes, violet et noir",39.93,https://www.canadiantire.ca/fr/pdp/baton-de-hockey-en-composite-ccm-ribcor-prime-jeunes-violet-et-noir-1830440p.html,https://media-www.canadiantire.ca/product/playing/hockey/hockey-sticks/1830444/ccm-ribcor-prime-hockey-stick-youth-flex-30-left-cb427981-c314-4550-83ae-e910ce8c1cd6-jpgrendition.jpg?im=whresize&wid=200&hei=200
"Robinet de lavabo de salle de bains central évasé Kohler Elliston, à double poignée, 8-16 po, chrome",149.93,https://www.canadiantire.ca/fr/pdp/robinet-de-lavabo-de-salle-de-bains-central-evase-kohler-elliston-a-double-poignee-8-16-po-chrome-0634712p.html,https://media-www.canadiantire.ca/product/fixing/plumbing/faucets-fixtures/0634712/kohler-elliston-widespread-bathroom-faucet-chrome-604a6c4f-b416-46b4-98c6-bd9bdedbcc2e-jpgrendition.jpg?im=whresize&wid=200&hei=200
Autocollant mural interactif Wall Stories Sesame Street,14.93,https://www.canadiantire.ca/fr/pdp/autocollant-mural-interactif-wall-stories-sesame-street-3998173p.html,https://media-www.canadiantire.ca/product/fixing/paint/paints/3998173/wall-stories-sesame-street-interactive-wall-sticker-fe8bdea5-cc05-4a63-988b-6bddb3aee548-jpgrendition.jpg?im=whresize&wid=200&hei=200
"Robinet de lavabo de salle de bains central Kohler Elliston, poignée simple et trou unique, 4 po, nickel brossé",119.93,https://www.canadiantire.ca/fr/pdp/robinet-de-lavabo-de-salle-de-bains-central-kohler-elliston-poignee-simple-et-trou-unique-4-po-nickel-brosse-0634709p.html,https://media-www.canadiantire.ca/product/fixing/plumbing/faucets-fixtures/0634709/kohler-elliston-single-handle-bathroom-faucet-brushed-nickel-43a5945d-2092-474a-a61b-8a05ba57e58b.png?im=whresize&wid=200&hei=200
Démarreur à distance SmartStart 3G,14.93,https://www.canadiantire.ca/fr/pdp/demarreur-a-distance-smartstart-3g-0340841p.html,https://media-www.canadiantire.ca/product/automotive/car-care-accessories/auto-electronics/0340841/smartstart-3g-remote-starter-d554ce87-b7eb-4d01-828e-af7e593ef90b-jpgrendition.jpg?im=whresize&wid=200&hei=200
"Jante en alliage pour camions Trail Boss Rebel, noir satiné",151.89,https://www.canadiantire.ca/fr/pdp/jante-en-alliage-pour-camions-trail-boss-rebel-noir-satine-1412224p.html,https://media-www.canadiantire.ca/product/automotive/tires/wheels-and-accessories/1412229/20-trail-boss-rebel--31d6b839-3245-40b1-b32a-248f4660adc2-jpgrendition.jpg?im=whresize&wid=200&hei=200
"Litière agglomérante légère Okocat, 5 kg",15.93,https://www.canadiantire.ca/fr/pdp/litiere-agglomerante-legere-okocat-5-kg-1426972p.html,https://media-www.canadiantire.ca/product/living/pet-care/pet-accessories/1426972/okocat-featherweight-clumping-cat-litter-5kg-14049146-0179-448c-8b71-bee9fa379b92-jpgrendition.jpg?im=whresize&wid=200&hei=200
"Porte-serviettes/barre à serviettes simple pour salle de bain Moen Sage, nickel brossé, 18 po",29.93,https://www.canadiantire.ca/fr/pdp/porte-serviettes-barre-a-serviettes-simple-pour-salle-de-bain-moen-sage-nickel-brosse-18-po-0636219p.html,https://media-www.canadiantire.ca/product/fixing/plumbing/faucets-fixtures/0636219/moen-sage-18-towel-bar-brushed-nickel-624bd34f-2ab1-4367-99de-f1b907d3cb74-jpgrendition.jpg?im=whresize&wid=200&hei=200
"Grille de rechange Broan FG101 NuTone pour ventilateurs d'évacuation série économique, blanc, 9-1/4 x 9-3/4 po",14.93,https://www.canadiantire.ca/fr/pdp/grille-de-rechange-broan-fg101-nutone-pour-ventilateurs-d-evacuation-serie-economique-blanc-9-1-4-x-9-3-4-po-0522700p.html,https://media-www.canadiantire.ca/product/fixing/home-environment/home-air-quality-accessories/0522700/grill-replacement-white-modern-for-exhaust-fan-555adde0-5ebd-487f-86e4-2783fd99fd38-jpgrendition.jpg?im=whresize&wid=200&hei=200
"Meuble-lavabo simple CANVAS Brooks à 2 portes, dessus en pierre, 24 po, blanc",89.93,https://www.canadiantire.ca/fr/pdp/meuble-lavabo-simple-canvas-brooks-a-2-portes-dessus-en-pierre-24-po-blanc-0636347p.html,https://media-www.canadiantire.ca/product/fixing/plumbing/faucets-fixtures/0636347/canvas-brooks-24-chevron-style-vanity-double-doors-white-2da9c522-7f30-4654-9764-a202f9dd74c3-jpgrendition.jpg?im=whresize&wid=200&hei=200
"Tabouret de comptoir/bar similicuir capitonné et chrome hauteur réglable For Living, blanc",59.93,https://www.canadiantire.ca/fr/pdp/tabouret-de-comptoir-bar-similicuir-capitonne-et-chrome-hauteur-reglable-for-living-blanc-0687041p.html,https://media-www.canadiantire.ca/product/living/home-decor/furniture/0687041/for-living-tufted-bar-stool-white-cf2c5592-7b16-461e-a331-4d5a4fad73d9-jpgrendition.jpg?im=whresize&wid=200&hei=200
"Range-accessoires de douche sur montant à tension Type A, en aluminium, résistant à la rouille avec crochets et tablettes réglables",39.93,https://www.canadiantire.ca/fr/pdp/range-accessoires-de-douche-sur-montant-a-tension-type-a-en-aluminium-resistant-a-la-rouille-avec-crochets-et-tablettes-reglables-0634807p.html,https://media-www.canadiantire.ca/product/living/home-decor/bed-bath-decor/0634807/type-a-forte-4-tier-tension-pole-shower-caddy-aluminum-c0e85dc3-8021-4a9b-ac3a-e2214033b669-jpgrendition.jpg?im=whresize&wid=200&hei=200
"Tabouret de bar en bois et similicuir pu avec dossier CANVAS Parsons, brun foncé",79.93,https://www.canadiantire.ca/fr/pdp/tabouret-de-bar-en-bois-et-similicuir-pu-avec-dossier-canvas-parsons-brun-fonce-0684462p.html,https://media-www.canadiantire.ca/product/living/home-decor/furniture/0684462/canvas-parsons-stool-dark-brown-bde14be0-38bf-4a55-af1b-92acb9f3d4dd-jpgrendition.jpg?im=whresize&wid=200&hei=200
"Doublure de rideau de douche For Living, poids moyen, couleurs variées, 70 x 72 po",8.43,https://www.canadiantire.ca/fr/pdp/doublure-de-rideau-de-douche-for-living-poids-moyen-couleurs-variees-70-x-72-po-0632415p.html,https://media-www.canadiantire.ca/product/living/home-decor/bed-bath-decor/0632416/for-living-medium-weight-peva-liner-clear-e0369162-23f0-4b63-a516-1f6a7cdb1086-jpgrendition.jpg?im=whresize&wid=200&hei=200
"Porte-outils pour cheveux The Home Edit par iDesign, résistant à la chaleur",14.93,https://www.canadiantire.ca/fr/pdp/porte-outils-pour-cheveux-the-home-edit-par-idesign-resistant-a-la-chaleur-0636323p.html,https://media-www.canadiantire.ca/product/living/home-decor/bed-bath-decor/0636334/the-home-edit-tall-bin-divider-9d5a817d-cf7f-4298-8585-7f03f05b674d-jpgrendition.jpg?im=whresize&wid=200&hei=200
"Diviseur/organisateur de tiroir à 4 compartiments The Home Edit par iDesign, moyen",4.93,https://www.canadiantire.ca/fr/pdp/diviseur-organisateur-de-tiroir-a-4-compartiments-the-home-edit-par-idesign-moyen-0636332p.html,https://media-www.canadiantire.ca/product/living/home-decor/bed-bath-decor/0636334/the-home-edit-tall-bin-divider-32956332-5eb0-40cc-8234-1711321a5f67-jpgrendition.jpg?im=whresize&wid=200&hei=200
"Doublure de rideau de douche Simplicité en CAV/E, poids léger, couleurs variées, 70 x 72 po",4.93,https://www.canadiantire.ca/fr/pdp/doublure-de-rideau-de-douche-simplicite-en-cav-e-poids-leger-couleurs-variees-70-x-72-po-0632418p.html,https://media-www.canadiantire.ca/product/living/home-decor/bed-bath-decor/0632419/simplicite-light-weight-peva-liner-clear-b7d1d300-794d-4706-9784-4a091b2799c4-jpgrendition.jpg?im=whresize&wid=200&hei=200
"Range-accessoires de douche sur montant à tension Type A, 4 tablettes, antirouille, réglable, blanc",29.93,https://www.canadiantire.ca/fr/pdp/range-accessoires-de-douche-sur-montant-a-tension-type-a-4-tablettes-antirouille-reglable-blanc-0636500p.html,https://media-www.canadiantire.ca/product/living/home-decor/bed-bath-decor/0636500/type-a-4-shelf-tension-pole-caddy-f302bdf2-7565-4edb-b65b-74bd5b31d441-jpgrendition.jpg?im=whresize&wid=200&hei=200
"Doublure de rideau de douche en CAV/E For Living, lourd, couleurs variées, 70 x 72 po",12.93,https://www.canadiantire.ca/fr/pdp/doublure-de-rideau-de-douche-en-cav-e-for-living-lourd-couleurs-variees-70-x-72-po-0632494p.html,https://media-www.canadiantire.ca/product/living/home-decor/bed-bath-decor/0636258/for-living-heavy-weight-peva-liner-clear-656c1dee-a38f-4fb1-af9d-df26f6eb9230-jpgrendition.jpg?im=whresize&wid=200&hei=200
"Radiateur portatif Woods Grab N Go, 10 000 BTU",89.93,https://www.canadiantire.ca/fr/pdp/radiateur-portatif-woods-grab-n-go-10-000-btu-0766331p.html,https://media-www.canadiantire.ca/product/playing/camping/camping-living/0766331/woods-radiant-portable-heater-10k-btu-7165378a-2877-46a3-804b-6e4ed7209324-jpgrendition.jpg?im=whresize&wid=200&hei=200
"Range-accessoires de douche sur montant à tension Type A résistant à la rouille, avec crochets et tablettes réglables",34.93,https://www.canadiantire.ca/fr/pdp/range-accessoires-de-douche-sur-montant-a-tension-type-a-resistant-a-la-rouille-avec-crochets-et-tablettes-reglables-0634806p.html,https://media-www.canadiantire.ca/product/living/home-decor/bed-bath-decor/0634806/type-a-forte-3-tier-tension-pole-shower-caddy-aluminum-23cc95ba-dc7a-406f-9539-3b852407fe53-jpgrendition.jpg?im=whresize&wid=200&hei=200
"Tringle de rideau de douche incurvée en aluminium réglable For Living, montage double, choix de finis, de 50 à 72 po",30.93,https://www.canadiantire.ca/fr/pdp/tringle-de-rideau-de-douche-incurvee-en-aluminium-reglable-for-living-montage-double-choix-de-finis-de-50-a-72-po-0636113p.html,https://media-www.canadiantire.ca/product/living/home-decor/bed-bath-decor/0636113/72-curved-aluminum-dualmount-rod-brushed-nickel-77178ced-0ebe-4a01-a3d8-3d2d80112632-jpgrendition.jpg?im=whresize&wid=200&hei=200
"Diviseur/organisateur de tiroir à 8 compartiments The Home Edit par iDesign, petit",3.93,https://www.canadiantire.ca/fr/pdp/diviseur-organisateur-de-tiroir-a-8-compartiments-the-home-edit-par-idesign-petit-0636331p.html,https://media-www.canadiantire.ca/product/living/home-decor/bed-bath-decor/0636334/the-home-edit-tall-bin-divider-8e5e3f00-23ce-4d18-af35-0f209d41fc55-jpgrendition.jpg?im=whresize&wid=200&hei=200
"Poubelle/corbeille mince en plastique Umbra, blanc, 7,5 L",5.93,https://www.canadiantire.ca/fr/pdp/poubelle-corbeille-mince-en-plastique-umbra-blanc-7-5-l-0635384p.html,https://media-www.canadiantire.ca/product/living/home-decor/bed-bath-decor/0635379/umbra-slim-black-wastecan-7-5l-e075def1-bdb0-432a-bbe1-0cce4ef99978-jpgrendition.jpg?im=whresize&wid=200&hei=200
"Tente de camping en dôme Woods Creekside pour 3 saisons, 4 personnes avec auvent, bâche de pluie et sac de transport",129.93,https://www.canadiantire.ca/fr/pdp/tente-de-camping-en-dome-woods-creekside-pour-3-saisons-4-personnes-avec-auvent-bache-de-pluie-et-sac-de-transport-0766067p.html,https://media-www.canadiantire.ca/product/playing/camping/tents-shelters/0766067/woods-creekside-4-person-tent-bd1747d5-0001-44e7-8dfc-da20c1a0e410-jpgrendition.jpg?im=whresize&wid=200&hei=200
"Tabouret de bar réglable CANVAS Dutton avec siège pivotant, noir",,https://www.canadiantire.ca/fr/pdp/tabouret-de-bar-reglable-canvas-dutton-avec-siege-pivotant-noir-1680125p.html,https://media-www.canadiantire.ca/product/living/home-decor/furniture/1680125/canvas-dutton-stool-5e8f6bb1-d167-4f04-905a-2ffac877a377-jpgrendition.jpg?im=whresize&wid=200&hei=200
"Panier de douche Umbra Flex Gel-Lock, antirouille, avec crochets, blanc",,https://www.canadiantire.ca/fr/pdp/panier-de-douche-umbra-flex-gel-lock-antirouille-avec-crochets-blanc-0636275p.html,https://media-www.canadiantire.ca/product/living/home-decor/bed-bath-decor/0636275/umbra-flex-suction-basket-273efc01-cce7-49b5-90ce-96bce5b08551-jpgrendition.jpg?im=whresize&wid=200&hei=200
"Poubelle/corbeille mince en plastique Umbra, noir, 7,5 L",,https://www.canadiantire.ca/fr/pdp/poubelle-corbeille-mince-en-plastique-umbra-noir-7-5-l-0635379p.html,https://media-www.canadiantire.ca/product/living/home-decor/bed-bath-decor/0635379/umbra-slim-black-wastecan-7-5l-3e2ce637-29fc-46d1-abc6-0b195bf32713-jpgrendition.jpg?im=whresize&wid=200&hei=200
"Tabouret de comptoir/bar similicuir capitonné et chrome hauteur réglable For Living, noir",,https://www.canadiantire.ca/fr/pdp/tabouret-de-comptoir-bar-similicuir-capitonne-et-chrome-hauteur-reglable-for-living-noir-0687925p.html,https://media-www.canadiantire.ca/product/living/home-decor/furniture/0687925/for-living-tufted-bar-stool-black-adb21b7b-db23-422a-bf79-12b2312a75c1-jpgrendition.jpg?im=whresize&wid=200&hei=200
"CANVAS Collingwood - Gazebo d'extérieur à toit rigide, 10 x 12 pi",,https://www.canadiantire.ca/fr/pdp/canvas-collingwood-gazebo-d-exterieur-a-toit-rigide-10-x-12-pi-0882022p.html,https://media-www.canadiantire.ca/product/seasonal-gardening/backyard-living/outdoor-furniture/0882022/collingwood-10-x-12-gazebo-27cb5e93-d95d-4104-884a-a1fbaa68f510-jpgrendition.jpg?im=whresize&wid=200&hei=200
"Tabouret de comptoir/bar For Living, noir, en similicuir et chrome à hauteur réglable",,https://www.canadiantire.ca/fr/pdp/tabouret-de-comptoir-bar-for-living-noir-en-similicuir-et-chrome-a-hauteur-reglable-0687902p.html,https://media-www.canadiantire.ca/product/living/home-decor/furniture/0687902/for-living-adjustable-stool-black-256c59c3-179d-40fc-b31b-d58f52d91477-jpgrendition.jpg?im=whresize&wid=200&hei=200
Tiroir/étagère organisatrice de pharmacie à 2 niveaux The Home Edit par iDesign,,https://www.canadiantire.ca/fr/pdp/tiroir-etagere-organisatrice-de-pharmacie-a-2-niveaux-the-home-edit-par-idesign-0636326p.html,https://media-www.canadiantire.ca/product/living/home-decor/bed-bath-decor/0636326/the-home-edit-two-tier-medicine-organizer-shelf-b25640a5-cfd4-49cd-b109-d73f30a498d9-jpgrendition.jpg?im=whresize&wid=200&hei=200
"Diviseur/organisateur de tiroir à 14 compartiments The Home Edit par iDesign, grand",,https://www.canadiantire.ca/fr/pdp/diviseur-organisateur-de-tiroir-a-14-compartiments-the-home-edit-par-idesign-grand-0636334p.html,https://media-www.canadiantire.ca/product/living/home-decor/bed-bath-decor/0636334/the-home-edit-tall-bin-divider-ee881ddc-3194-47ce-8cee-bb098aafa97f-jpgrendition.jpg?im=whresize&wid=200&hei=200
Éclairage à DEL de meuble de salle de bain Artika Bubble Cube,,https://www.canadiantire.ca/fr/pdp/eclairage-a-del-de-meuble-de-salle-de-bain-artika-bubble-cube-0521706p.html,https://media-www.canadiantire.ca/product/fixing/electrical/lighting/0521706/artika-bubble-cube-vanity-f9ed99d3-8a95-4962-bc85-645d73cf73a2-jpgrendition.jpg?im=whresize&wid=200&hei=200
"Tente de camping en dôme Woods Creekside pour 3 saisons, 3 personnes avec auvent, bâche de pluie et sac de transport",,https://www.canadiantire.ca/fr/pdp/tente-de-camping-en-dome-woods-creekside-pour-3-saisons-3-personnes-avec-auvent-bache-de-pluie-et-sac-de-transport-0766069p.html,https://media-www.canadiantire.ca/product/playing/camping/tents-shelters/0766069/woods-creekside-3-person-tent-e93ddc19-532c-4cc0-9284-21f6cc22de39-jpgrendition.jpg?im=whresize&wid=200&hei=200
"Range-accessoires de douche For Living sur montant à tension réglable antirouille avec panier, 108 x 11 x 9 po",,https://www.canadiantire.ca/fr/pdp/range-accessoires-de-douche-for-living-sur-montant-a-tension-reglable-antirouille-avec-panier-108-x-11-x-9-po-0636294p.html,https://media-www.canadiantire.ca/product/living/home-decor/bed-bath-decor/0636294/for-living-deep-basket-tension-pole-caddy-satin-nickel-e1f1f6fd-aaf7-428e-bb1e-4fade1552b4a-jpgrendition.jpg?im=whresize&wid=200&hei=200
"Applique de salle de bain à 3 lampes avec abat-jour en verre puceux transparent CANVAS Vittoria, bronze foncé/gris",,https://www.canadiantire.ca/fr/pdp/applique-de-salle-de-bain-a-3-lampes-avec-abat-jour-en-verre-puceux-transparent-canvas-vittoria-bronze-fonce-gris-0529843p.html,https://media-www.canadiantire.ca/product/living/home-decor/lighting/0529843/canvas-vittoria-vanity-lighting-5e477793-8789-4c8a-ae45-574655e5488a-jpgrendition.jpg?im=whresize&wid=200&hei=200
"Tringle à tension réglable pour rideau de douche For Living, résistant à la rouille, bronze, 44 à 72 po",,https://www.canadiantire.ca/fr/pdp/tringle-a-tension-reglable-pour-rideau-de-douche-for-living-resistant-a-la-rouille-bronze-44-a-72-po-0635868p.html,https://media-www.canadiantire.ca/product/living/home-decor/bed-bath-decor/0635868/72-tension-rod-bronze-66d09232-8b10-4e00-ad1f-9115c46054f2-jpgrendition.jpg?im=whresize&wid=200&hei=200
Clé en croix universelle Billy Club avec rallonge de 3 po,,https://www.canadiantire.ca/fr/pdp/cle-en-croix-universelle-billy-club-avec-rallonge-de-3-po-0090225p.html,https://media-www.canadiantire.ca/product/automotive/auto-maintenance/auto-shop-equipment-supplies/0090225/billy-club-lug-wrench-d0ad2f42-37bc-4a09-8ae1-35297fc600c5-jpgrendition.jpg?im=whresize&wid=200&hei=200
Système d’élimination déchets de cuisine écologique Sepura,,https://www.canadiantire.ca/fr/pdp/systeme-d-elimination-dechets-de-cuisine-ecologique-sepura-0633486p.html,https://media-www.canadiantire.ca/product/fixing/plumbing/rough-plumbing/0633486/sepura-in-sink-food-waste-separator-and-collector-9742ff37-21c0-40c1-babb-e09184b6c6bc-jpgrendition.jpg?im=whresize&wid=200&hei=200
"Abri pour barbecue à toit rigide avec cadre en acier et en aluminium CANVAS Skyline, extérieur et patio, 5 x 8 pi",,https://www.canadiantire.ca/fr/pdp/abri-pour-barbecue-a-toit-rigide-avec-cadre-en-acier-et-en-aluminium-canvas-skyline-exterieur-et-patio-5-x-8-pi-0882253p.html,https://media-www.canadiantire.ca/product/seasonal-gardening/backyard-living/outdoor-furniture/0882253/canvas-skyline-grill-gazebo-5-x-8--8346c27f-a6b3-4bb6-b36a-0013dbc965e9-jpgrendition.jpg?im=whresize&wid=200&hei=200
"Tabouret de comptoir/bar pivotant similicuir hauteur réglable For Living, paq. 2, blanc",,https://www.canadiantire.ca/fr/pdp/tabouret-de-comptoir-bar-pivotant-similicuir-hauteur-reglable-for-living-paq-2-blanc-3994801p.html,https://media-www.canadiantire.ca/product/living/home-decor/furniture/3994801/for-living-tufted-bar-stool-white-2pk-0317ad05-9083-4d04-ad61-ae52f3800185-jpgrendition.jpg?im=whresize&wid=200&hei=200
"Tabouret de comptoir/bar pivotant similicuir hauteur réglable For Living, paq. 2, noir",,https://www.canadiantire.ca/fr/pdp/tabouret-de-comptoir-bar-pivotant-similicuir-hauteur-reglable-for-living-paq-2-noir-3994800p.html,https://media-www.canadiantire.ca/product/living/home-decor/furniture/3994800/for-living-tufted-bar-stool-black-2pk-6540b84c-526d-4999-b3ab-3d14234eedd2.png?im=whresize&wid=200&hei=200
"Tiroir/organisateur extensible en angle The Home Edit par iDesign, jusqu’à 13 po",9.93,https://www.canadiantire.ca/fr/pdp/tiroir-organisateur-extensible-en-angle-the-home-edit-par-idesign-jusqu-a-13-po-0636324p.html,https://media-www.canadiantire.ca/product/living/home-decor/bed-bath-decor/0636334/the-home-edit-tall-bin-divider-be0bc3db-8499-4b3c-857e-8df2b38e6619-jpgrendition.jpg?im=whresize&wid=200&hei=200
"Rideau de douche à pois et fil CANVAS en CAV/E, 72 x 72 po",10.93,https://www.canadiantire.ca/fr/pdp/rideau-de-douche-a-pois-et-fil-canvas-en-cav-e-72-x-72-po-0634790p.html,https://media-www.canadiantire.ca/product/living/home-decor/bed-bath-decor/0634790/canvas-peva-shower-curtain-string-dot-8b5b9c8f-52e4-4de7-87a0-10dda8c8da9b-jpgrendition.jpg?im=whresize&wid=200&hei=200
"Range-accessoires de porte de douche For Living en acier antirouille 2 tablettes réglables avec crochets, 22,75 x 12,25 x 9 po",,https://www.canadiantire.ca/fr/pdp/range-accessoires-de-porte-de-douche-for-living-en-acier-antirouille-2-tablettes-reglables-avec-crochets-22-75-x-12-25-x-9-po-0636097p.html,https://media-www.canadiantire.ca/product/living/home-decor/bed-bath-decor/0636097/for-living-chrome-shower-door-caddy--fd1ea83b-946d-44ab-a40e-db45826b991e-jpgrendition.jpg?im=whresize&wid=200&hei=200
"Tabouret de bar rembourré hauteur et dossier réglables CANVAS Finn, gris",77.93,https://www.canadiantire.ca/fr/pdp/tabouret-de-bar-rembourre-hauteur-et-dossier-reglables-canvas-finn-gris-0687825p.html,https://media-www.canadiantire.ca/product/living/home-decor/furniture/0687825/canvas-finn-stool-grey-cf07955e-5e50-460c-b20c-7190fd964547-jpgrendition.jpg?im=whresize&wid=200&hei=200
"Tabouret de bar réglable FOR LIVING avec dossier incurvé, noir",119.93,https://www.canadiantire.ca/fr/pdp/tabouret-de-bar-reglable-for-living-avec-dossier-incurve-noir-1680124p.html,https://media-www.canadiantire.ca/product/living/home-decor/furniture/1680124/for-living-adjustable-bar-stool-a5255c71-f960-41f9-a8f1-6cdbaf086b0c-jpgrendition.jpg?im=whresize&wid=200&hei=200
"Abri de jardin extérieur à toit rigide CANVAS Plateau, 10 pi x 12 pi",1599.93,https://www.canadiantire.ca/fr/pdp/abri-de-jardin-exterieur-a-toit-rigide-canvas-plateau-10-pi-x-12-pi-1880293p.html,https://media-www.canadiantire.ca/product/seasonal-gardening/backyard-living/outdoor-furniture/1880293/canvas-plateau-gazebo-10x12-57072388-3092-4b71-971a-dd3ad95ed472-jpgrendition.jpg?im=whresize&wid=200&hei=200
"Rideau de douche botanique CANVAS en CAV/E, vélo, 72 x 72 po",10.93,https://www.canadiantire.ca/fr/pdp/rideau-de-douche-botanique-canvas-en-cav-e-velo-72-x-72-po-0634789p.html,https://media-www.canadiantire.ca/product/living/home-decor/bed-bath-decor/0634789/canvas-peva-shower-curtain-botanical-ffd589d8-a018-41f4-a528-1b46c8a65c95-jpgrendition.jpg?im=whresize&wid=200&hei=200
"Meuble-lavabo simple CANVAS Dover à 2 portes, dessus en pierre, 30 po, blanc",269.93,https://www.canadiantire.ca/fr/pdp/meuble-lavabo-simple-canvas-dover-a-2-portes-dessus-en-pierre-30-po-blanc-0636342p.html,https://media-www.canadiantire.ca/product/fixing/plumbing/faucets-fixtures/0636342/canvas-dover-30-vanity-double-doors-white-039d13f9-1c87-43c0-b23c-133161cb0a4a-jpgrendition.jpg?im=whresize&wid=200&hei=200
Pneu d'hiver Pirelli Scorpion Ice & Snow pour camions et VUS,721.49,https://www.canadiantire.ca/fr/pdp/pneu-d-hiver-pirelli-scorpion-ice-snow-pour-camions-et-vus-0087970p.html,https://media-www.canadiantire.ca/product/automotive/tires/all-season-tires/4083771/195-65r15-91h-sl-as-110489545--f6dc8b9e-f77c-440f-9c29-7ba19617fefc-jpgrendition.jpg?im=whresize&wid=200&hei=200
"Range-accessoires de douche For Living en aluminium antirouille à 2 tablettes avec succion, 17,5 x 10,3 x 5,4 po",26.93,https://www.canadiantire.ca/fr/pdp/range-accessoires-de-douche-for-living-en-aluminium-antirouille-a-2-tablettes-avec-succion-17-5-x-10-3-x-5-4-po-0632485p.html,https://media-www.canadiantire.ca/product/living/home-decor/bed-bath-decor/0632485/for-living-aluminum-2-shelf-suction-shower-caddy-a4343c29-fbc4-47f2-9a84-56ce43dde614-jpgrendition.jpg?im=whresize&wid=200&hei=200
"Poubelle en mélamine Umbra Loft Suds, couleurs variées, 6,5 L",23.93,https://www.canadiantire.ca/fr/pdp/poubelle-en-melamine-umbra-loft-suds-couleurs-variees-6-5-l-0632464p.html,https://media-www.canadiantire.ca/product/living/home-decor/bed-bath-decor/0632469/umbra-loft-suds-waste-can-aqua-7a350446-eaee-457d-9dcb-4a2d5daf5b01-jpgrendition.jpg?im=whresize&wid=200&hei=200
"Bouteille isotherme Thermos en acier inoxydable, avec couvercle étanche, 1 L",23.93,https://www.canadiantire.ca/fr/pdp/bouteille-isotherme-thermos-en-acier-inoxydable-avec-couvercle-etanche-1-l-0423424p.html,https://media-www.canadiantire.ca/product/living/kitchen/food-storage/0423424/thermos-1l-stainless-steal-vacuum-bottle-5f5a1108-cf44-48eb-a10c-bc02ae59b7e0-jpgrendition.jpg?im=whresize&wid=200&hei=200
"Meuble-lavabo simple Canvas Dover à 2 portes, dessus en pierre, 30 po, gris",269.93,https://www.canadiantire.ca/fr/pdp/meuble-lavabo-simple-canvas-dover-a-2-portes-dessus-en-pierre-30-po-gris-0636348p.html,https://media-www.canadiantire.ca/product/fixing/plumbing/faucets-fixtures/0636348/canvas-dover-30-vanity-double-doors-grey-23f77912-5b47-4272-9131-fe077cc04e50-jpgrendition.jpg?im=whresize&wid=200&hei=200
"Tringle à tension réglable For Living pour rideau de douche, chrome, 36 à 60 po",11.93,https://www.canadiantire.ca/fr/pdp/tringle-a-tension-reglable-for-living-pour-rideau-de-douche-chrome-36-a-60-po-0635836p.html,https://media-www.canadiantire.ca/product/living/home-decor/bed-bath-decor/0635836/60-tension-rod-chrome-3e629492-1a30-4763-9e9c-051d869d8ad3-jpgrendition.jpg?im=whresize&wid=200&hei=200
"Rideau de douche en tissu CANVAS, anthracite lavable à la machine, 72 x 72 po",19.93,https://www.canadiantire.ca/fr/pdp/rideau-de-douche-en-tissu-canvas-anthracite-lavable-a-la-machine-72-x-72-po-0634784p.html,https://media-www.canadiantire.ca/product/living/home-decor/bed-bath-decor/0634784/canvas-fabric-shower-curtain-charcoal-353b9126-762b-478c-a6c6-e91263df294d-jpgrendition.jpg?im=whresize&wid=200&hei=200
Range-accessoires de bain Type A,14.93,https://www.canadiantire.ca/fr/pdp/range-accessoires-de-bain-type-a-0634809p.html,https://media-www.canadiantire.ca/product/living/home-decor/bed-bath-decor/0634809/type-a-radiant-shower-caddy-77ef9313-115f-47f0-807d-7551f20cf14e-jpgrendition.jpg?im=whresize&wid=200&hei=200
Pilulier avec étiquettes à 14 compartiments The Home Edit par iDesign,4.93,https://www.canadiantire.ca/fr/pdp/pilulier-avec-etiquettes-a-14-compartiments-the-home-edit-par-idesign-0636327p.html,https://media-www.canadiantire.ca/product/living/home-decor/bed-bath-decor/0636334/the-home-edit-tall-bin-divider-ba251b5a-62f9-4160-bad4-5f3ed4007276-jpgrendition.jpg?im=whresize&wid=200&hei=200
"Range-accessoires de douche For Living résistant à la rouille avec panier et crochet, nickel",19.93,https://www.canadiantire.ca/fr/pdp/range-accessoires-de-douche-for-living-resistant-a-la-rouille-avec-panier-et-crochet-nickel-0636293p.html,https://media-www.canadiantire.ca/product/living/home-decor/bed-bath-decor/0636293/for-living-expanding-shower-caddy-satin-nickel-8aa89965-8ae8-4a1d-9fb6-577771067a82-jpgrendition.jpg?im=whresize&wid=200&hei=200
"Tabouret de comptoir/bar similicuir et chrome hauteur réglable For Living, blanc",49.93,https://www.canadiantire.ca/fr/pdp/tabouret-de-comptoir-bar-similicuir-et-chrome-hauteur-reglable-for-living-blanc-0687040p.html,https://media-www.canadiantire.ca/product/living/home-decor/furniture/0687040/for-living-adjustable-stool-white-2f17af77-f6a6-4354-921b-b7aa9a01dd8a-jpgrendition.jpg?im=whresize&wid=200&hei=200
"Range-accessoires de bain en fil métallique Type A, noir",19.93,https://www.canadiantire.ca/fr/pdp/range-accessoires-de-bain-en-fil-metallique-type-a-noir-0634810p.html,https://media-www.canadiantire.ca/product/living/home-decor/bed-bath-decor/0634810/type-a-perspective-shower-caddy-80195b9c-2b10-4ce9-aa61-b2cfb0d2261d-jpgrendition.jpg?im=whresize&wid=200&hei=200
"Robinet de lavabo de salle de bains central Moen Arlys, à poignée simple, certifié WaterSense, 4 po, chrome",99.93,https://www.canadiantire.ca/fr/pdp/robinet-de-lavabo-de-salle-de-bains-central-moen-arlys-a-poignee-simple-certifie-watersense-4-po-chrome-0639943p.html,https://media-www.canadiantire.ca/product/fixing/plumbing/faucets-fixtures/0639943/moen-arlys-bathroom-facuet-1h-ch--b92fb2ec-e34c-4aaa-b263-6efd59616fd4-jpgrendition.jpg?im=whresize&wid=200&hei=200
"Bateau gonflable Intex marine avec auvent et rames, PVC, gris",199.93,https://www.canadiantire.ca/fr/pdp/bateau-gonflable-intex-marine-avec-auvent-et-rames-pvc-gris-0798348p.html,https://media-www.canadiantire.ca/product/playing/seasonal-recreation/marine-water-fun/0798348/mariner-with-canopy-1ee738b0-9a8d-448d-8069-5e3ed73822be-jpgrendition.jpg?im=whresize&wid=200&hei=200
"Rideau de douche en CAV/E For Living, motif arc-en-ciel",,https://www.canadiantire.ca/fr/pdp/rideau-de-douche-en-cav-e-for-living-motif-arc-en-ciel-0636391p.html,https://media-www.canadiantire.ca/product/living/home-decor/bed-bath-decor/0636391/for-living-rainbows-shower-curtain-2525093e-4562-48ef-ae1a-bf02818db69e-jpgrendition.jpg?im=whresize&wid=200&hei=200
"For Living Crawford - Gazebo à toit souple, abri pare-soleil, brun, 8 x 8 pi",,https://www.canadiantire.ca/fr/pdp/for-living-crawford-gazebo-a-toit-souple-abri-pare-soleil-brun-8-x-8-pi-0881328p.html,https://media-www.canadiantire.ca/product/seasonal-gardening/backyard-living/outdoor-furniture/0881328/for-living-crawford-gazebo-8x8-b27169bc-c486-4e19-989c-5079a6c513ff-jpgrendition.jpg?im=whresize&wid=200&hei=200
"Sachets nettoyants pour tapis Hoover, nett.prof/animaux, paq. 14",,https://www.canadiantire.ca/fr/pdp/sachets-nettoyants-pour-tapis-hoover-nett-prof-animaux-paq-14-1531872p.html,https://media-www.canadiantire.ca/product/living/cleaning/household-cleaning-solutions/1531872/hoover-oxy-permanent-stain-removal-clean-pack-14-count-6483f862-06c3-4f95-8f7e-80ecf7f85294-jpgrendition.jpg?im=whresize&wid=200&hei=200
"Rideau de douche CANVAS Cleanse en CAV/E, poisson coloré, 72 x 72 po",,https://www.canadiantire.ca/fr/pdp/rideau-de-douche-canvas-cleanse-en-cav-e-poisson-colore-72-x-72-po-0632162p.html,https://media-www.canadiantire.ca/product/living/home-decor/bed-bath-decor/0632162/cleanse-aqua-fish-shower-curtain-95cdf3ea-86fe-4738-829e-86e45bd25129-jpgrendition.jpg?im=whresize&wid=200&hei=200
"For Living Summerland - Gazebo à toit souple avec moustiquaire, brun, 10 x 10 pi",,https://www.canadiantire.ca/fr/pdp/for-living-summerland-gazebo-a-toit-souple-avec-moustiquaire-brun-10-x-10-pi-0882021p.html,https://media-www.canadiantire.ca/product/seasonal-gardening/backyard-living/outdoor-furniture/0882094/for-living-canopy-for-summerland-gazebo-0882021-fc8e87ee-951f-453e-a5e1-0d0166b698df-jpgrendition.jpg?im=whresize&wid=200&hei=200
"Range-accessoires de douche sur montant à tension Type A, 3 tablettes, antirouille, réglables",,https://www.canadiantire.ca/fr/pdp/range-accessoires-de-douche-sur-montant-a-tension-type-a-3-tablettes-antirouille-reglables-0636313p.html,https://media-www.canadiantire.ca/product/living/home-decor/bed-bath-decor/0636313/type-a-3-shelf-tension-pole-caddy-white-efbf1493-cd0c-4596-bfe0-da296a1f5769-jpgrendition.jpg?im=whresize&wid=200&hei=200
"Anneaux de rideau de douche durables en plastique antirouille Simplicité, chromé, paq. 12",,https://www.canadiantire.ca/fr/pdp/anneaux-de-rideau-de-douche-durables-en-plastique-antirouille-simplicite-chrome-paq-12-0636058p.html,https://media-www.canadiantire.ca/product/living/home-decor/bed-bath-decor/0636058/simplicite-plastic-shower-curtain-rings-chrome-64f30b57-0f22-406b-873c-76e08348a0e1-jpgrendition.jpg?im=whresize&wid=200&hei=200
"Rideau de douche en tissu CANVAS Braid, lavable à la machine, 72 x 72 po",,https://www.canadiantire.ca/fr/pdp/rideau-de-douche-en-tissu-canvas-braid-lavable-a-la-machine-72-x-72-po-0634781p.html,https://media-www.canadiantire.ca/product/living/home-decor/bed-bath-decor/0634781/canvas-fabric-shower-curtain-braid-67f343d7-3973-4383-a3c3-898f3a6aea9a-jpgrendition.jpg?im=whresize&wid=200&hei=200
"Rideau de douche en tissu gaufré CANVAS, blanc, lavable à la machine, 72 x 72 po",,https://www.canadiantire.ca/fr/pdp/rideau-de-douche-en-tissu-gaufre-canvas-blanc-lavable-a-la-machine-72-x-72-po-0632495p.html,https://media-www.canadiantire.ca/product/living/home-decor/bed-bath-decor/0632495/canvas-waffle-fabric-shower-curtain-white-f0b4a0a3-4590-4055-8ba9-1fd9e94092af-jpgrendition.jpg?im=whresize&wid=200&hei=200
"Bac de rangement à jouets For Living pour chambre/salle de jeu/vestibule, 12 bacs, espresso",,https://www.canadiantire.ca/fr/pdp/bac-de-rangement-a-jouets-for-living-pour-chambre-salle-de-jeu-vestibule-12-bacs-espresso-0682997p.html,https://media-www.canadiantire.ca/product/living/home-decor/furniture/0682997/for-living-12-bin-organizer-espresso-6827511c-2c68-46cc-b3da-c26d76e7f66f-jpgrendition.jpg?im=whresize&wid=200&hei=200
"For Living Acadia - Rideaux et moustiquaire pour gazebo, 155 x 132 x 85 po",,https://www.canadiantire.ca/fr/pdp/for-living-acadia-rideaux-et-moustiquaire-pour-gazebo-155-x-132-x-85-po-0881701p.html,https://media-www.canadiantire.ca/product/seasonal-gardening/backyard-living/outdoor-furniture/0881701/for-living-wall-netting-for-acadia-gazebo-0881609-57c85a61-0e40-4823-ac61-0c6333970324-jpgrendition.jpg?im=whresize&wid=200&hei=200
"CANVAS Highfield - Balançelle avec auvent et coussins résistant aux UV, 3 places, taupe",,https://www.canadiantire.ca/fr/pdp/canvas-highfield-balancelle-avec-auvent-et-coussins-resistant-aux-uv-3-places-taupe-0882299p.html,https://media-www.canadiantire.ca/product/seasonal-gardening/backyard-living/outdoor-furniture/0882299/canvas-highfield-swing-994ccefa-fb21-4bb1-9df3-4f1f250e546b-jpgrendition.jpg?im=whresize&wid=200&hei=200
"CANVAS Kingsmere - Gazebo , 1 niveau, 10 x 10 pi",,https://www.canadiantire.ca/fr/pdp/canvas-kingsmere-gazebo-1-niveau-10-x-10-pi-0881873p.html,https://media-www.canadiantire.ca/product/seasonal-gardening/backyard-living/outdoor-furniture/0881873/canvas-kingsmere-single-tier-gazebo-10x10--64e3c246-cd90-4aa6-8b3d-70d3bb755f19-jpgrendition.jpg?im=whresize&wid=200&hei=200
Auvent de piscine Swimways pour piscines de 14 à 16 pi,,https://www.canadiantire.ca/fr/pdp/auvent-de-piscine-swimways-pour-piscines-de-14-a-16-pi-0813966p.html,https://media-www.canadiantire.ca/product/seasonal-gardening/backyard-fun/pool-maintenance/0813966/swimways-pool-canopy-14-16ft-pools-a133b43e-5c2b-41b5-b17a-4fc6ba302c17-jpgrendition.jpg?im=whresize&wid=200&hei=200
"Pistolet pulvérisateur pneumatique à peinture Mastercraft HVLP pour surfaces métalliques, 36 morceaux",,https://www.canadiantire.ca/fr/pdp/pistolet-pulverisateur-pneumatique-a-peinture-mastercraft-hvlp-pour-surfaces-metalliques-36-morceaux-0589311p.html,https://media-www.canadiantire.ca/product/fixing/tools/air-tools-accessories/0589311/mastercraft-36pcs-air-powered-spray-gun-set-c664dc3e-5458-43e1-b0a4-7717ad102b8b-jpgrendition.jpg?im=whresize&wid=200&hei=200
"Rideau de douche botanique For Living en CAV/E, 72 x 72 po",,https://www.canadiantire.ca/fr/pdp/rideau-de-douche-botanique-for-living-en-cav-e-72-x-72-po-0634785p.html,https://media-www.canadiantire.ca/product/living/home-decor/bed-bath-decor/0634785/for-living-peva-shower-curtain-botanical-acc4dd7a-abf1-42ba-b656-255771809c42-jpgrendition.jpg?im=whresize&wid=200&hei=200
Range-tout empilable pour sèche-cheveux The Home Edit par iDesign,,https://www.canadiantire.ca/fr/pdp/range-tout-empilable-pour-seche-cheveux-the-home-edit-par-idesign-0636321p.html,https://media-www.canadiantire.ca/product/living/home-decor/bed-bath-decor/0636334/the-home-edit-tall-bin-divider-d64e686e-395b-4b43-ae11-6447f7395195-jpgrendition.jpg?im=whresize&wid=200&hei=200
"Chaise pliante portative en métal à dossier haut FOR LIVING, rembourrée, blanc",,https://www.canadiantire.ca/fr/pdp/chaise-pliante-portative-en-metal-a-dossier-haut-for-living-rembourree-blanc-0680262p.html,https://media-www.canadiantire.ca/product/living/home-decor/folding-furniture/0680262/for-living-fabric-high-back-folding-chair-white--41e144b3-8615-43ef-9a62-d7347bb42bf2-jpgrendition.jpg?im=whresize&wid=200&hei=200
"Pistolet pulvérisateur à peinture et à apprêt Mastercraft, 3 pces",,https://www.canadiantire.ca/fr/pdp/pistolet-pulverisateur-a-peinture-et-a-appret-mastercraft-3-pces-0589807p.html,https://media-www.canadiantire.ca/product/fixing/tools/air-tools-accessories/0589807/mastercraft-3-piece-spray-gun-kit-760d2bb0-320f-4573-a641-0e0212ffeea2-jpgrendition.jpg?im=whresize&wid=200&hei=200
"CANVAS Holbrook - Gazebo à toit rigide octogonal, 14,5 x 12,5 pi",,https://www.canadiantire.ca/fr/pdp/canvas-holbrook-gazebo-a-toit-rigide-octogonal-14-5-x-12-5-pi-0882283p.html,https://media-www.canadiantire.ca/product/seasonal-gardening/backyard-living/outdoor-furniture/0882283/canvas-holbrook-octagonal-gazebo-14-5-x-12-5--7e98399e-0072-4e82-ad58-3742db74f82d-jpgrendition.jpg?im=whresize&wid=200&hei=200
"For Living Lakeside - Rideaux en tissu pour gazebo, beige, 118 x 118 x 79 po",,https://www.canadiantire.ca/fr/pdp/for-living-lakeside-rideaux-en-tissu-pour-gazebo-beige-118-x-118-x-79-po-0881611p.html,https://media-www.canadiantire.ca/product/seasonal-gardening/backyard-living/outdoor-furniture/0881611/for-living-lakeside-collection-gazebo-walls--fb0de629-9d30-43df-87ce-ac2c6bbf67d9-jpgrendition.jpg?im=whresize&wid=200&hei=200
"Meuble-lavabo CANVAS Gibsons, 2 portes, gris, 30 po",,https://www.canadiantire.ca/fr/pdp/meuble-lavabo-canvas-gibsons-2-portes-gris-30-po-0636349p.html,https://media-www.canadiantire.ca/product/fixing/plumbing/faucets-fixtures/0636349/canvas-gibsons-30-vanity-double-doors-grey-woodgrain-a30907e0-873b-4f8a-bd10-32ba01ff2232-jpgrendition.jpg?im=whresize&wid=200&hei=200
"Range-accessoires de coin de douche For Living en aluminium antirouille à 2 tablettes réglables avec succion, 3 x 10 x 7,25 po",14.93,https://www.canadiantire.ca/fr/pdp/range-accessoires-de-coin-de-douche-for-living-en-aluminium-antirouille-a-2-tablettes-reglables-avec-succion-3-x-10-x-7-25-po-0632484p.html,https://media-www.canadiantire.ca/product/living/home-decor/bed-bath-decor/0632484/for-living-aluminum-suction-corner-caddy-05dff884-bd3b-44ca-a394-1b6fc1a40826-jpgrendition.jpg?im=whresize&wid=200&hei=200
Fauteuil de jeu Bluetooth sur pied X Rocker EVO Pro 4.1,259.93,https://www.canadiantire.ca/fr/pdp/fauteuil-de-jeu-bluetooth-sur-pied-x-rocker-evo-pro-4-1-1680117p.html,https://media-www.canadiantire.ca/product/living/home-decor/furniture/3996219/recoded-to-1680117-0a8072a0-2aab-4829-8eae-0b936c6c3fda-jpgrendition.jpg?im=whresize&wid=200&hei=200
"Tabouret pliant portatif en métal For Living avec dossier, rembourré, noir",19.93,https://www.canadiantire.ca/fr/pdp/tabouret-pliant-portatif-en-metal-for-living-avec-dossier-rembourre-noir-0680340p.html,https://media-www.canadiantire.ca/product/living/home-decor/folding-furniture/0680340/for-living-folding-stool-with-back-support-7b25f796-a47c-490a-9aa0-ae3191d6a78a.png?im=whresize&wid=200&hei=200
"Poubelle compacte en plastique Umbra Hydra, blanc métallique, 9 L",,https://www.canadiantire.ca/fr/pdp/poubelle-compacte-en-plastique-umbra-hydra-blanc-metallique-9-l-0636284p.html,https://media-www.canadiantire.ca/product/living/home-decor/bed-bath-decor/0636284/umbra-hydra-waste-can-650866a5-ca44-4769-8f57-6e451bcfef72-jpgrendition.jpg?im=whresize&wid=200&hei=200
"Organisateur d’outils suspendu pour cheveux The Home Edit par iDesign, résistant à la chaleur",,https://www.canadiantire.ca/fr/pdp/organisateur-d-outils-suspendu-pour-cheveux-the-home-edit-par-idesign-resistant-a-la-chaleur-0636328p.html,https://media-www.canadiantire.ca/product/living/home-decor/bed-bath-decor/0636334/the-home-edit-tall-bin-divider-c1b6b39e-fa2c-44f8-9813-64d289c7174e-jpgrendition.jpg?im=whresize&wid=200&hei=200
"Chaise à dîner CANVAS Evans Creek, beige",99.93,https://www.canadiantire.ca/fr/pdp/chaise-a-diner-canvas-evans-creek-beige-1680108p.html,https://media-www.canadiantire.ca/product/living/home-decor/furniture/1680108/canvas-evans-creek-dining-chair-grey-15bf21bd-8630-4af7-8e36-056c99c77c78-jpgrendition.jpg?im=whresize&wid=200&hei=200
"Fauteuil de jeu d'ordinateur/bureau ergonomique pivotant et réglable avec lumières à DEL X Rocker Strike RGB, noir",199.93,https://www.canadiantire.ca/fr/pdp/fauteuil-de-jeu-d-ordinateur-bureau-ergonomique-pivotant-et-reglable-avec-lumieres-a-del-x-rocker-strike-rgb-noir-1680118p.html,https://media-www.canadiantire.ca/product/living/home-decor/furniture/3997603/x-rocker-strike-rgb-add4892f-e720-4fdd-9b70-175b502ed1b4-jpgrendition.jpg?im=whresize&wid=200&hei=200
"Trousse de toilette transparente avec contenants et bouteilles de voyage antifuites et rechargeable Maple Leaf, paq. 16",7.93,https://www.canadiantire.ca/fr/pdp/trousse-de-toilette-transparente-avec-contenants-et-bouteilles-de-voyage-antifuites-et-rechargeable-maple-leaf-paq-16-0763691p.html,https://media-www.canadiantire.ca/product/playing/camping/backpacks-luggage-accessories/0763691/bottle-set-16-pcs-705de1be-548f-4a4d-9886-4b68f018ffb9-jpgrendition.jpg?im=whresize&wid=200&hei=200
Aspirateur robot et vadrouille iRobot Roomba Combo J7+ à vidage automatique mains libres,699.93,https://www.canadiantire.ca/fr/pdp/aspirateur-robot-et-vadrouille-irobot-roomba-combo-j7-a-vidage-automatique-mains-libres-0437119p.html,https://media-www.canadiantire.ca/product/living/cleaning/vacuums-and-floorcare/0437119/irobot-roomba-combo-j7-robot-vacuum-and-mop-6cdf90d8-8752-4e01-bfe7-75e7ede012a0-jpgrendition.jpg?im=whresize&wid=200&hei=200
"Balance de cuisine numérique étanche KitchenAid, blanc, 11 lb/5 kg",16.93,https://www.canadiantire.ca/fr/pdp/balance-de-cuisine-numerique-etanche-kitchenaid-blanc-11-lb-5-kg-1426614p.html,https://media-www.canadiantire.ca/product/living/kitchen/kitchen-tools-thermometers/1426614/ka-11lb-5kg-waterproof-digital-kitchen-scale-white-1889508b-ab78-47f3-9b92-5091b593327a.png?im=whresize&wid=200&hei=200
"Plateau TV et table portable Maison Kleen Tilt-a-Table, réglable en hauteur, pour ordinateur portable, blanc",22.93,https://www.canadiantire.ca/fr/pdp/plateau-tv-et-table-portable-maison-kleen-tilt-a-table-reglable-en-hauteur-pour-ordinateur-portable-blanc-0680599p.html,https://media-www.canadiantire.ca/product/living/home-decor/folding-furniture/0680599/tilt-a-table-white--cdb2926c-edc3-4cbb-b79f-9d8b917129b0-jpgrendition.jpg?im=whresize&wid=200&hei=200
Range-accessoires de bain surdimensionné Type A,24.93,https://www.canadiantire.ca/fr/pdp/range-accessoires-de-bain-surdimensionne-type-a-0634808p.html,https://media-www.canadiantire.ca/product/living/home-decor/bed-bath-decor/0634808/type-a-radiant-shower-caddy-oversized-e438b193-939d-460a-b125-d26a45e5890f-jpgrendition.jpg?im=whresize&wid=200&hei=200
"PADERNO Vida - Barbecue et fumoir portatif au propane, 2 brûleurs avec sac de transport",199.93,https://www.canadiantire.ca/fr/pdp/paderno-vida-barbecue-et-fumoir-portatif-au-propane-2-bruleurs-avec-sac-de-transport-0850002p.html,https://media-www.canadiantire.ca/product/seasonal-gardening/backyard-living/outdoor-cooking/0850002/vida-by-paderno-portable-gas-c2b019fd-37f9-4215-ab0f-32ed22d32a2b-jpgrendition.jpg?im=whresize&wid=200&hei=200
"Four à pizza de table portatif au gaz Vida par PADERNO, 1 brûleur, 12 po",279.99,https://www.canadiantire.ca/fr/pdp/four-a-pizza-de-table-portatif-au-gaz-vida-par-paderno-1-bruleur-12-po-0850001p.html,https://media-www.canadiantire.ca/product/seasonal-gardening/backyard-living/outdoor-cooking/0850001/vida-by-paderno-pizza-oven-c3f6852d-30b5-4ad8-96fe-41ea01ff0eaa-jpgrendition.jpg?im=whresize&wid=200&hei=200
Aspirateur sans fil Dyson V15s Detect Submarine,899.93,https://www.canadiantire.ca/fr/pdp/aspirateur-sans-fil-dyson-v15s-detect-submarine-0437144p.html,https://media-www.canadiantire.ca/product/living/cleaning/vacuums-and-floorcare/0437144/dyson-v15-detect-submarine-cordless-stick-vacuum-a46cfb84-428c-4b85-ad6f-c6eb22d6567d-jpgrendition.jpg?im=whresize&wid=200&hei=200
"Tapis chiens Hartz Home Protection Miracle Guard, stand, P25",14.93,https://www.canadiantire.ca/fr/pdp/tapis-chiens-hartz-home-protection-miracle-guard-stand-p25-2420964p.html,https://media-www.canadiantire.ca/product/living/pet-care/pet-accessories/2420964/home-protection-miracle-guard-dog-pads-regular-25-count-e3a7ea59-609d-41dc-b997-2b0f4f54948e-jpgrendition.jpg?im=whresize&wid=200&hei=200
"Serviette de sport de camping Outbound en microfibre compacte et légère avec sac, absorbante et à séchage rapide, 29 x 55 po",11.93,https://www.canadiantire.ca/fr/pdp/serviette-de-sport-de-camping-outbound-en-microfibre-compacte-et-legere-avec-sac-absorbante-et-a-sechage-rapide-29-x-55-po-0765766p.html,https://media-www.canadiantire.ca/product/playing/camping/camping-accessories/0765766/outbound-micro-fibre-towel-068a58a3-d354-42c1-aa49-33755dd531e8-jpgrendition.jpg?im=whresize&wid=200&hei=200
Fauteuil de jeu pliable Nintendo Super Peach X-Rocker avec illustration de personnage,49.93,https://www.canadiantire.ca/fr/pdp/fauteuil-de-jeu-pliable-nintendo-super-peach-x-rocker-avec-illustration-de-personnage-4990067p.html,https://media-www.canadiantire.ca/product/living/home-decor/furniture/4990067/x-rocker-super-mario-rocker-peach-79839796-159a-494c-af8c-56d471eba5bf-jpgrendition.jpg?im=whresize&wid=200&hei=200
"Briquettes de charbon de bois Kingsford Match Light Instant pour barbecue, 3,6 kg",9.93,https://www.canadiantire.ca/fr/pdp/briquettes-de-charbon-de-bois-kingsford-match-light-instant-pour-barbecue-3-6-kg-0850105p.html,https://media-www.canadiantire.ca/product/seasonal-gardening/backyard-living/outdoor-cooking-fuels-flavours/0850105/kingsford-matchlight-8lb-8eee3b06-a88a-43ab-a163-c80cca61f643-jpgrendition.jpg?im=whresize&wid=200&hei=200
"Lavabo de salle de bains oval central à encastrer Foremost Olivia, 4 po, 20 x 17 x 8 po, blanc",29.93,https://www.canadiantire.ca/fr/pdp/lavabo-de-salle-de-bains-oval-central-a-encastrer-foremost-olivia-4-po-20-x-17-x-8-po-blanc-0633492p.html,https://media-www.canadiantire.ca/product/fixing/plumbing/faucets-fixtures/0633492/foremost-olivia-oval-drop-sink-white-408d2362-ef09-4765-b73e-4059232e88c3.png?im=whresize&wid=200&hei=200
"Tapis gonflable avec auvent Swim School pour bébé, 28 po, 6 à 18 mois",24.93,https://www.canadiantire.ca/fr/pdp/tapis-gonflable-avec-auvent-swim-school-pour-bebe-28-po-6-a-18-mois-0813502p.html,https://media-www.canadiantire.ca/product/seasonal-gardening/backyard-fun/pools-spas/0813502/baby-splash-mat-with-removable-canopy-71890fca-6afa-4728-b943-4efa1e9fb0af-jpgrendition.jpg?im=whresize&wid=200&hei=200
Autocollant mural interactif Wall Stories Peppa Pig,19.93,https://www.canadiantire.ca/fr/pdp/autocollant-mural-interactif-wall-stories-peppa-pig-3998172p.html,https://media-www.canadiantire.ca/product/fixing/paint/paint-accessories/3998172/wall-stories-peppa-pig-interactive-wall-sticker-6ec278cf-c364-4e5b-b92c-2144d5764a51-jpgrendition.jpg?im=whresize&wid=200&hei=200
"Radiateur portatif Remington Heat Hog, 9 000 BTU",129.93,https://www.canadiantire.ca/fr/pdp/radiateur-portatif-remington-heat-hog-9-000-btu-0766332p.html,https://media-www.canadiantire.ca/product/playing/camping/camping-living/0766332/heat-hog-9-000-btu-lp-portable-heater-ea3bc3ee-5c9e-44de-8d3c-1e79893573cd-jpgrendition.jpg?im=whresize&wid=200&hei=200
Nettoyeur de tapis vertical avec fil CarpetXpert de Shark avec technologie Stainstriker,199.93,https://www.canadiantire.ca/fr/pdp/nettoyeur-de-tapis-vertical-avec-fil-carpetxpert-de-shark-avec-technologie-stainstriker-0437170p.html,https://media-www.canadiantire.ca/product/living/cleaning/vacuums-and-floorcare/0437170/shark-carpetxpert-upright-carpet-cleaner-83a9a449-4b5f-43db-83e3-d42f147ee02c-jpgrendition.jpg?im=whresize&wid=200&hei=200
"Table pliante en plastique For Living avec poignée, robuste et portative, 6 pi, blanc",59.93,https://www.canadiantire.ca/fr/pdp/table-pliante-en-plastique-for-living-avec-poignee-robuste-et-portative-6-pi-blanc-0681541p.html,https://media-www.canadiantire.ca/product/living/home-decor/folding-furniture/0681541/for-living-heavy-duty-6-folding-table-d2eb99aa-1239-428a-9a80-27d92c25fcd4.png?im=whresize&wid=200&hei=200
"Balai d’essuie-glace Reflex Platinum toutes saisons, tailles variées",22.99,https://www.canadiantire.ca/fr/pdp/balai-d-essuie-glace-reflex-platinum-toutes-saisons-tailles-variees-0211866p.html,https://media-www.canadiantire.ca/product/automotive/auto-maintenance/wiper-blades/0211867/14-reflex-platinum-wiper-1b37faa6-1c03-4171-a9cd-eb1e6130e4f3-jpgrendition.jpg?im=whresize&wid=200&hei=200
"Jeux de société classiques en bois 7-en-1 TCG Toys, 6 ans et plus",27.93,https://www.canadiantire.ca/fr/pdp/jeux-de-societe-classiques-en-bois-7-en-1-tcg-toys-6-ans-et-plus-0504654p.html,https://media-www.canadiantire.ca/product/seasonal-gardening/toys/toys-games/0504654/-7-in-1-classic-wood-game-set-1bf624f3-9cbb-4b5c-89d4-197db7ac74f3-jpgrendition.jpg?im=whresize&wid=200&hei=200
"Table pliante portative Likewise en résine avec poignée, 5 pi, noir",49.93,https://www.canadiantire.ca/fr/pdp/table-pliante-portative-likewise-en-resine-avec-poignee-5-pi-noir-0687900p.html,https://media-www.canadiantire.ca/product/living/home-decor/folding-furniture/0687900/for-living-5-folding-table-88d006f2-cf30-4885-b3ad-120002c7bd26-jpgrendition.jpg?im=whresize&wid=200&hei=200
"Rideau de douche CANVAS Cleanse en CAV/E, cubes 3D, 72 x 72 po",9.93,https://www.canadiantire.ca/fr/pdp/rideau-de-douche-canvas-cleanse-en-cav-e-cubes-3d-72-x-72-po-0632160p.html,https://media-www.canadiantire.ca/product/living/home-decor/bed-bath-decor/0632160/cleanse-3d-cubes-shower-curtain-c14bdac1-00f2-43fb-8286-04c335e826e3-jpgrendition.jpg?im=whresize&wid=200&hei=200
"Jeu de cribbage Outside Inside Games Backpack, format de voyage avec sac de rangement",14.93,https://www.canadiantire.ca/fr/pdp/jeu-de-cribbage-outside-inside-games-backpack-format-de-voyage-avec-sac-de-rangement-0765894p.html,https://media-www.canadiantire.ca/product/playing/camping/camping-accessories/0765894/outside-inside-cribbage-backpack-game-c5d51f40-a7d6-4f2a-9492-52730de12e6a-jpgrendition.jpg?im=whresize&wid=200&hei=200
"Range-accessoires de douche en métal 3M Command résistant à la rouille, nickel satiné",17.93,https://www.canadiantire.ca/fr/pdp/range-accessoires-de-douche-en-metal-3m-command-resistant-a-la-rouille-nickel-satine-0635788p.html,https://media-www.canadiantire.ca/product/living/home-decor/bed-bath-decor/0635788/3m-command-metal-bath-caddy-0c2e4911-82b4-4839-bf6d-32e2b9cf763c-jpgrendition.jpg?im=whresize&wid=200&hei=200
Table de tennis de table Eastpoint Sports Hyper Pong à 4 voies,99.93,https://www.canadiantire.ca/fr/pdp/table-de-tennis-de-table-eastpoint-sports-hyper-pong-a-4-voies-1841557p.html,https://media-www.canadiantire.ca/product/playing/team-sports-and-golf/indoor-games/1841557/hyper-pong-4-way-table-tennis-table-7332a1c5-f5ae-40ab-b598-b1b9c28c81d3-jpgrendition.jpg?im=whresize&wid=200&hei=200
"Tringle à tension réglable pour rideau de douche For Living antirouille, chrome, 52 à 86 po",18.93,https://www.canadiantire.ca/fr/pdp/tringle-a-tension-reglable-pour-rideau-de-douche-for-living-antirouille-chrome-52-a-86-po-0630444p.html,https://media-www.canadiantire.ca/product/living/home-decor/bed-bath-decor/0630444/for-living-86-tension-rod-chrome--2a43b571-cb31-477d-8d51-b91c088bf26a-jpgrendition.jpg?im=whresize&wid=200&hei=200
"CANVAS Spadina - Ensemble bistro de jardin pliant en acier, gris, paq. 3",139.93,https://www.canadiantire.ca/fr/pdp/canvas-spadina-ensemble-bistro-de-jardin-pliant-en-acier-gris-paq-3-0882234p.html,https://media-www.canadiantire.ca/product/seasonal-gardening/backyard-living/outdoor-furniture/0882234/canvas-spadina-3-piece-folding-bistro-set-2e8d8d24-fca8-4fb7-bd91-f5d9a4b9df8c-jpgrendition.jpg?im=whresize&wid=200&hei=200
"Range-accessoires de douche en forme de panier For Living en aluminium antirouille avec crochet, 3 x 11 x 5 po",11.93,https://www.canadiantire.ca/fr/pdp/range-accessoires-de-douche-en-forme-de-panier-for-living-en-aluminium-antirouille-avec-crochet-3-x-11-x-5-po-0632483p.html,https://media-www.canadiantire.ca/product/living/home-decor/bed-bath-decor/0632483/for-living-aluminum-suction-basket-caddy-d42d6119-cbb9-4606-84ee-0a8db53b08ab-jpgrendition.jpg?im=whresize&wid=200&hei=200
"Lavabo de salle de bains oval central à encastrer American Standard Ravenna, 4 po, blanc",74.93,https://www.canadiantire.ca/fr/pdp/lavabo-de-salle-de-bains-oval-central-a-encastrer-american-standard-ravenna-4-po-blanc-0633465p.html,https://media-www.canadiantire.ca/product/fixing/plumbing/faucets-fixtures/0633465/ravenna-oval-white-bathroom-sink-a22186a7-88f0-4b55-9d5e-ff305bd40e62-jpgrendition.jpg?im=whresize&wid=200&hei=200
"Jeu de circuits de billes de départ pour enfants sur le thème de la jungle Ravensburger Gravitrax, 3 ans et plus",44.93,https://www.canadiantire.ca/fr/pdp/jeu-de-circuits-de-billes-de-depart-pour-enfants-sur-le-theme-de-la-jungle-ravensburger-gravitrax-3-ans-et-plus-1501642p.html,https://media-www.canadiantire.ca/product/seasonal-gardening/toys/toys-games/1501642/gravitrax-junior-bc2bda02-e764-4f08-8720-2a97d9484db6-jpgrendition.jpg?im=whresize&wid=200&hei=200
"Milieu de culture Miracle-Gro AeroGarden Harvest avec DEL, nutriments inclus, blanc",79.93,https://www.canadiantire.ca/fr/pdp/milieu-de-culture-miracle-gro-aerogarden-harvest-avec-del-nutriments-inclus-blanc-0591444p.html,https://media-www.canadiantire.ca/product/seasonal-gardening/gardening/lawn-plant-care/0591444/aerogarden-harvest-white-8aee18d1-a426-47dd-a1e3-1caffa556d96-jpgrendition.jpg?im=whresize&wid=200&hei=200
