store_id,city,name,title,price,price_raw,regular_price,regular_price_raw,liquidation_price,liquidation_price_raw,sale_price,sale_price_raw,liquidation,url,link,image,image_url,product_id,sku,sku_formatted,availability,badges,discount_percent,price_sale_clean,price_original_clean
423,"Donnacona, QC",Trousse de départ pour conservation et entreposage d'aliments Fresh & Save de Zwilling avec pompe à dépression portative,Trousse de départ pour conservation et entreposage d'aliments Fresh & Save de Zwilling avec pompe à dépression portative,49.93,"49,93 $",189.99,"Était±  189,99 $prix était 189,99 $",49.93,"49,93 $",49.93,"49,93 $",true,https://www.canadiantire.ca/fr/pdp/trousse-de-depart-pour-conservation-et-entreposage-d-aliments-fresh-save-de-zwilling-avec-pompe-a-depression-portative-0430335p.html,https://www.canadiantire.ca/fr/pdp/trousse-de-depart-pour-conservation-et-entreposage-d-aliments-fresh-save-de-zwilling-avec-pompe-a-depression-portative-0430335p.html,https://media-www.canadiantire.ca/product/living/kitchen/kitchen-appliances/0430335/zwilling-food-storage-starter-kit-8pc-ee27a980-a5f6-4ca9-860b-310987524806-jpgrendition.jpg?im=whresize&wid=200&hei=200,https://media-www.canadiantire.ca/product/living/kitchen/kitchen-appliances/0430335/zwilling-food-storage-starter-kit-8pc-ee27a980-a5f6-4ca9-860b-310987524806-jpgrendition.jpg?im=whresize&wid=200&hei=200,,0430335,043-0335-2,26 En Stock#043-0335-2,Liquidation◊Mieux notés,73.72,"49,93","189,99"
423,"Donnacona, QC","Super liquide de refroidissement Hy-Per Lube pour moteur au diesel, 532 mL","Super liquide de refroidissement Hy-Per Lube pour moteur au diesel, 532 mL",2.93,"2,93 $",16.99,"Était±  16,99 $prix était 16,99 $",2.93,"2,93 $",2.93,"2,93 $",true,https://www.canadiantire.ca/fr/pdp/super-liquide-de-refroidissement-hy-per-lube-pour-moteur-au-diesel-532-ml-0380876p.html,https://www.canadiantire.ca/fr/pdp/super-liquide-de-refroidissement-hy-per-lube-pour-moteur-au-diesel-532-ml-0380876p.html,https://media-www.canadiantire.ca/product/automotive/auto-maintenance/auto-fluids/0380876/hy-per-lube-diesel-super-coolant-473ml-700c85a7-1297-4fed-a610-320bf25accd7.png?im=whresize&wid=200&hei=200,https://media-www.canadiantire.ca/product/automotive/auto-maintenance/auto-fluids/0380876/hy-per-lube-diesel-super-coolant-473ml-700c85a7-1297-4fed-a610-320bf25accd7.png?im=whresize&wid=200&hei=200,,0380876,038-0876-8,Il n’en reste que 2 #038-0876-8,Liquidation◊,82.75,"2,93","16,99"
423,"Donnacona, QC","Antigel Turbo Power, service intense, 3,78 L","Antigel Turbo Power, service intense, 3,78 L",4.93,"4,93 $",15.99,"Était±  15,99 $prix était 15,99 $",4.93,"4,93 $",4.93,"4,93 $",true,https://www.canadiantire.ca/fr/pdp/antigel-turbo-power-service-intense-3-78-l-0380890p.html,https://www.canadiantire.ca/fr/pdp/antigel-turbo-power-service-intense-3-78-l-0380890p.html,https://media-www.canadiantire.ca/product/automotive/auto-maintenance/auto-fluids/0380890/stp-air-brake-anti-freeze-3-78l-000abc98-f2e8-4370-b2c0-4ced4f2e0cfb-jpgrendition.jpg?im=whresize&wid=200&hei=200,https://media-www.canadiantire.ca/product/automotive/auto-maintenance/auto-fluids/0380890/stp-air-brake-anti-freeze-3-78l-000abc98-f2e8-4370-b2c0-4ced4f2e0cfb-jpgrendition.jpg?im=whresize&wid=200&hei=200,,0380890,038-0890-2,Il n’en reste que 7 #038-0890-2,Liquidation◊Mieux notés,69.17,"4,93","15,99"
423,"Donnacona, QC","Applique de salle de bains à 4 lampes CANVAS Abbeyglen, noir mat","Applique de salle de bains à 4 lampes CANVAS Abbeyglen, noir mat",79.93,"79,93 $",169.99,"Était±  169,99 $prix était 169,99 $",79.93,"79,93 $",79.93,"79,93 $",true,https://www.canadiantire.ca/fr/pdp/applique-de-salle-de-bains-a-4-lampes-canvas-abbeyglen-noir-mat-1522635p.html,https://www.canadiantire.ca/fr/pdp/applique-de-salle-de-bains-a-4-lampes-canvas-abbeyglen-noir-mat-1522635p.html,https://media-www.canadiantire.ca/product/fixing/electrical/lighting/1522635/canvas-abbeyglen-matte-black-vanity-light-ae2d2eec-9506-41b1-adae-6de0b4bb84a7-jpgrendition.jpg?im=whresize&wid=200&hei=200,https://media-www.canadiantire.ca/product/fixing/electrical/lighting/1522635/canvas-abbeyglen-matte-black-vanity-light-ae2d2eec-9506-41b1-adae-6de0b4bb84a7-jpgrendition.jpg?im=whresize&wid=200&hei=200,,1522635,152-2635-6,Il n’en reste que 1 #152-2635-6,Liquidation◊Exclusivité,52.98,"79,93","169,99"
423,"Donnacona, QC","Applique de salle de bain à 3 lampes abat-jour en verre texturé CANVAS Isla, chrome","Applique de salle de bain à 3 lampes abat-jour en verre texturé CANVAS Isla, chrome",34.93,"34,93 $",144.99,"Était±  144,99 $prix était 144,99 $",34.93,"34,93 $",34.93,"34,93 $",true,https://www.canadiantire.ca/fr/pdp/applique-de-salle-de-bain-a-3-lampes-abat-jour-en-verre-texture-canvas-isla-chrome-0527882p.html,https://www.canadiantire.ca/fr/pdp/applique-de-salle-de-bain-a-3-lampes-abat-jour-en-verre-texture-canvas-isla-chrome-0527882p.html,https://media-www.canadiantire.ca/product/living/home-decor/lighting/0527882/canvas-isla-3-light-vanity-light-9fea8c27-594f-438a-8778-8f59fd312181-jpgrendition.jpg?im=whresize&wid=200&hei=200,https://media-www.canadiantire.ca/product/living/home-decor/lighting/0527882/canvas-isla-3-light-vanity-light-9fea8c27-594f-438a-8778-8f59fd312181-jpgrendition.jpg?im=whresize&wid=200&hei=200,,0527882,052-7882-4,Il n’en reste que 1 #052-7882-4,Liquidation◊Mieux notés,75.91,"34,93","144,99"
423,"Donnacona, QC","Applique de salle de bain à 3 lampes abat-jour en verre transparent CANVAS Sadie, chrome","Applique de salle de bain à 3 lampes abat-jour en verre transparent CANVAS Sadie, chrome",39.93,"39,93 $",179.99,"Était±  179,99 $prix était 179,99 $",39.93,"39,93 $",39.93,"39,93 $",true,https://www.canadiantire.ca/fr/pdp/applique-de-salle-de-bain-a-3-lampes-abat-jour-en-verre-transparent-canvas-sadie-chrome-0527880p.html,https://www.canadiantire.ca/fr/pdp/applique-de-salle-de-bain-a-3-lampes-abat-jour-en-verre-transparent-canvas-sadie-chrome-0527880p.html,https://media-www.canadiantire.ca/product/living/home-decor/lighting/0527880/canvas-sadie-3-light-vanity-light-70931643-6023-4f77-b36b-dcd71d66a622-jpgrendition.jpg?im=whresize&wid=200&hei=200,https://media-www.canadiantire.ca/product/living/home-decor/lighting/0527880/canvas-sadie-3-light-vanity-light-70931643-6023-4f77-b36b-dcd71d66a622-jpgrendition.jpg?im=whresize&wid=200&hei=200,,0527880,052-7880-8,Il n’en reste que 2 #052-7880-8,Liquidation◊Mieux notés,77.82,"39,93","179,99"
423,"Donnacona, QC","Tapis universel Michelin toutes saisons, paq. 4","Tapis universel Michelin toutes saisons, paq. 4",10,"10,00 $",59.99,"59,99 $Était   et+ prix était à partir de 59,99 $",10,"10,00 $",10,"10,00 $",true,https://www.canadiantire.ca/fr/pdp/tapis-universel-michelin-toutes-saisons-paq-4-0312615p.html,https://www.canadiantire.ca/fr/pdp/tapis-universel-michelin-toutes-saisons-paq-4-0312615p.html,https://media-www.canadiantire.ca/product/automotive/car-care-accessories/auto-comfort/0312615/michelin-floor-mat-4-piece-all-weather-black-1cf642c7-ed3f-4a1e-93a1-c3584dba4145-jpgrendition.jpg?im=whresize&wid=200&hei=200,https://media-www.canadiantire.ca/product/automotive/car-care-accessories/auto-comfort/0312615/michelin-floor-mat-4-piece-all-weather-black-1cf642c7-ed3f-4a1e-93a1-c3584dba4145-jpgrendition.jpg?im=whresize&wid=200&hei=200,,0312615,031-2615,,Liquidation◊Mieux notés,83.33,"10,00","59,99"
423,"Donnacona, QC","Tabouret de comptoir/bar similicuir et chrome hauteur réglable For Living, blanc","Tabouret de comptoir/bar similicuir et chrome hauteur réglable For Living, blanc",74.93,"74,93 $",149.99,"Était±  149,99 $prix était 149,99 $",74.93,"74,93 $",74.93,"74,93 $",true,https://www.canadiantire.ca/fr/pdp/tabouret-de-comptoir-bar-similicuir-et-chrome-hauteur-reglable-for-living-blanc-0687040p.html,https://www.canadiantire.ca/fr/pdp/tabouret-de-comptoir-bar-similicuir-et-chrome-hauteur-reglable-for-living-blanc-0687040p.html,https://media-www.canadiantire.ca/product/living/home-decor/furniture/0687040/for-living-adjustable-stool-white-2f17af77-f6a6-4354-921b-b7aa9a01dd8a-jpgrendition.jpg?im=whresize&wid=200&hei=200,https://media-www.canadiantire.ca/product/living/home-decor/furniture/0687040/for-living-adjustable-stool-white-2f17af77-f6a6-4354-921b-b7aa9a01dd8a-jpgrendition.jpg?im=whresize&wid=200&hei=200,,0687040,068-7040-2,Il n’en reste que 1 #068-7040-2,Liquidation◊Exclusivité,50.04,"74,93","149,99"
423,"Donnacona, QC","Applique de salle de bain ronde à 3 lampes abat-jour en verre blanc givré CANVAS Serenity, chrome","Applique de salle de bain ronde à 3 lampes abat-jour en verre blanc givré CANVAS Serenity, chrome",29.93,"29,93 $",129.99,"Était±  129,99 $prix était 129,99 $",29.93,"29,93 $",29.93,"29,93 $",true,https://www.canadiantire.ca/fr/pdp/applique-de-salle-de-bain-ronde-a-3-lampes-abat-jour-en-verre-blanc-givre-canvas-serenity-chrome-0523624p.html,https://www.canadiantire.ca/fr/pdp/applique-de-salle-de-bain-ronde-a-3-lampes-abat-jour-en-verre-blanc-givre-canvas-serenity-chrome-0523624p.html,https://media-www.canadiantire.ca/product/living/home-decor/lighting/0523624/canvas-vanity-serenity-3-light-51be3b62-0aa5-4271-9de0-b667068b89b8-jpgrendition.jpg?im=whresize&wid=200&hei=200,https://media-www.canadiantire.ca/product/living/home-decor/lighting/0523624/canvas-vanity-serenity-3-light-51be3b62-0aa5-4271-9de0-b667068b89b8-jpgrendition.jpg?im=whresize&wid=200&hei=200,,0523624,052-3624-4,Il n’en reste que 4 #052-3624-4,Liquidation◊Mieux notés,76.98,"29,93","129,99"
423,"Donnacona, QC","Range-accessoires de douche For Living sur montant à tension réglable antirouille avec panier, 108 x 11 x 9 po","Range-accessoires de douche For Living sur montant à tension réglable antirouille avec panier, 108 x 11 x 9 po",34.93,"34,93 $",69.99,"Était±  69,99 $prix était 69,99 $",34.93,"34,93 $",34.93,"34,93 $",true,https://www.canadiantire.ca/fr/pdp/range-accessoires-de-douche-for-living-sur-montant-a-tension-reglable-antirouille-avec-panier-108-x-11-x-9-po-0636294p.html,https://www.canadiantire.ca/fr/pdp/range-accessoires-de-douche-for-living-sur-montant-a-tension-reglable-antirouille-avec-panier-108-x-11-x-9-po-0636294p.html,https://media-www.canadiantire.ca/product/living/home-decor/bed-bath-decor/0636294/for-living-deep-basket-tension-pole-caddy-satin-nickel-e1f1f6fd-aaf7-428e-bb1e-4fade1552b4a-jpgrendition.jpg?im=whresize&wid=200&hei=200,https://media-www.canadiantire.ca/product/living/home-decor/bed-bath-decor/0636294/for-living-deep-basket-tension-pole-caddy-satin-nickel-e1f1f6fd-aaf7-428e-bb1e-4fade1552b4a-jpgrendition.jpg?im=whresize&wid=200&hei=200,,0636294,063-6294-4,8 En Stock#063-6294-4,Liquidation◊Exclusivité,50.09,"34,93","69,99"
423,"Donnacona, QC","Jeu d'arcade de tir pliable Skee-Ball Toss Bullseye avec tableau électronique et 6 balles, 94 po","Jeu d'arcade de tir pliable Skee-Ball Toss Bullseye avec tableau électronique et 6 balles, 94 po",79.93,"79,93 $",179.99,"Était±  179,99 $prix était 179,99 $",79.93,"79,93 $",79.93,"79,93 $",true,https://www.canadiantire.ca/fr/pdp/jeu-d-arcade-de-tir-pliable-skee-ball-toss-bullseye-avec-tableau-electronique-et-6-balles-94-po-1840880p.html,https://www.canadiantire.ca/fr/pdp/jeu-d-arcade-de-tir-pliable-skee-ball-toss-bullseye-avec-tableau-electronique-et-6-balles-94-po-1840880p.html,https://media-www.canadiantire.ca/product/playing/team-sports-and-golf/sports-equipment-accessories/1840880/skee-ball-arcade-game-5045c8b7-d866-41c3-8cc7-42135d56baea-jpgrendition.jpg?im=whresize&wid=200&hei=200,https://media-www.canadiantire.ca/product/playing/team-sports-and-golf/sports-equipment-accessories/1840880/skee-ball-arcade-game-5045c8b7-d866-41c3-8cc7-42135d56baea-jpgrendition.jpg?im=whresize&wid=200&hei=200,,1840880,184-0880-6,Il n’en reste que 5 #184-0880-6,Liquidation◊,55.59,"79,93","179,99"
423,"Donnacona, QC",Table de tennis de table Eastpoint Sports Hyper Pong à 4 voies,Table de tennis de table Eastpoint Sports Hyper Pong à 4 voies,79.93,"79,93 $",299.99,"Était±  299,99 $prix était 299,99 $",79.93,"79,93 $",79.93,"79,93 $",true,https://www.canadiantire.ca/fr/pdp/table-de-tennis-de-table-eastpoint-sports-hyper-pong-a-4-voies-1841557p.html,https://www.canadiantire.ca/fr/pdp/table-de-tennis-de-table-eastpoint-sports-hyper-pong-a-4-voies-1841557p.html,https://media-www.canadiantire.ca/product/playing/team-sports-and-golf/indoor-games/1841557/hyper-pong-4-way-table-tennis-table-7332a1c5-f5ae-40ab-b598-b1b9c28c81d3-jpgrendition.jpg?im=whresize&wid=200&hei=200,https://media-www.canadiantire.ca/product/playing/team-sports-and-golf/indoor-games/1841557/hyper-pong-4-way-table-tennis-table-7332a1c5-f5ae-40ab-b598-b1b9c28c81d3-jpgrendition.jpg?im=whresize&wid=200&hei=200,,1841557,184-1557-2,Il n’en reste que 1 #184-1557-2,Liquidation◊Mieux notés,73.36,"79,93","299,99"
423,"Donnacona, QC","Turtles Original - Friandise chocolatées, 350 g","Turtles Original - Friandise chocolatées, 350 g",8.99,"8,99 $",17.99,"Était±  17,99 $prix était 17,99 $",8.99,"8,99 $",8.99,"8,99 $",true,https://www.canadiantire.ca/fr/pdp/turtles-original-friandise-chocolatees-350-g-0514606p.html,https://www.canadiantire.ca/fr/pdp/turtles-original-friandise-chocolatees-350-g-0514606p.html,https://media-www.canadiantire.ca/product/living/food-drink/seasonal-confectionery/0514606/turtles-original-chocolates-350g-box-036de7b4-ea1f-47f2-bb93-ca776e73bb6e-jpgrendition.jpg?im=whresize&wid=200&hei=200,https://media-www.canadiantire.ca/product/living/food-drink/seasonal-confectionery/0514606/turtles-original-chocolates-350g-box-036de7b4-ea1f-47f2-bb93-ca776e73bb6e-jpgrendition.jpg?im=whresize&wid=200&hei=200,,0514606,051-4606-4,Il n’en reste que 1 #051-4606-4,TaxableLiquidation◊,50.03,"8,99","17,99"
423,"Donnacona, QC","Minibarres au chocolat au lait Hershey's, 400 g","Minibarres au chocolat au lait Hershey's, 400 g",4.99,"4,99 $",10.99,"Était±  10,99 $prix était 10,99 $",4.99,"4,99 $",4.99,"4,99 $",true,https://www.canadiantire.ca/fr/pdp/minibarres-au-chocolat-au-lait-hershey-s-400-g-1519641p.html,https://www.canadiantire.ca/fr/pdp/minibarres-au-chocolat-au-lait-hershey-s-400-g-1519641p.html,https://media-www.canadiantire.ca/product/living/food-drink/seasonal-confectionery/1519641/hershey-s-milk-chocolate-miniature-bars-400g-5a899eba-05f7-40a2-b653-df6fd8f3b875-jpgrendition.jpg?im=whresize&wid=200&hei=200,https://media-www.canadiantire.ca/product/living/food-drink/seasonal-confectionery/1519641/hershey-s-milk-chocolate-miniature-bars-400g-5a899eba-05f7-40a2-b653-df6fd8f3b875-jpgrendition.jpg?im=whresize&wid=200&hei=200,,1519641,151-9641-0,8 En Stock#151-9641-0,TaxableLiquidation◊,54.6,"4,99","10,99"
423,"Donnacona, QC","Manteau matelassé d'hiver à capuchon isotherme hydrofuge Outbound Lola pour femmes, noir","Manteau matelassé d'hiver à capuchon isotherme hydrofuge Outbound Lola pour femmes, noir",15.93,"15,93 $",99.99,"99,99 $Était   et+ prix était à partir de 99,99 $",15.93,"15,93 $",15.93,"15,93 $",true,https://www.canadiantire.ca/fr/pdp/manteau-matelasse-d-hiver-a-capuchon-isotherme-hydrofuge-outbound-lola-pour-femmes-noir-1871854p.html,https://www.canadiantire.ca/fr/pdp/manteau-matelasse-d-hiver-a-capuchon-isotherme-hydrofuge-outbound-lola-pour-femmes-noir-1871854p.html,https://media-www.canadiantire.ca/product/playing/footwear-apparel/winter-footwear-apparel/1871854/outbound-women-s-lola-jacket-black-s-f248c44a-2b56-4967-878e-519c41364c3c-jpgrendition.jpg?im=whresize&wid=200&hei=200,https://media-www.canadiantire.ca/product/playing/footwear-apparel/winter-footwear-apparel/1871854/outbound-women-s-lola-jacket-black-s-f248c44a-2b56-4967-878e-519c41364c3c-jpgrendition.jpg?im=whresize&wid=200&hei=200,,1871854,187-1854,,Liquidation◊Mieux notés,84.07,"15,93","99,99"
423,"Donnacona, QC",Plomb en forme de ver,Plomb en forme de ver,3.43,"3,43 $",6.99,"Était±  6,99 $prix était 6,99 $",3.43,"3,43 $",3.43,"3,43 $",true,https://www.canadiantire.ca/fr/pdp/plomb-en-forme-de-ver-0784901p.html,https://www.canadiantire.ca/fr/pdp/plomb-en-forme-de-ver-0784901p.html,https://media-www.canadiantire.ca/product/playing/fishing/fishing-lures/0784901/danielson-worm-weight-sinkers-28-piece-07cb0b7c-0a16-4506-a1ea-c7bb6d582075-jpgrendition.jpg?im=whresize&wid=200&hei=200,https://media-www.canadiantire.ca/product/playing/fishing/fishing-lures/0784901/danielson-worm-weight-sinkers-28-piece-07cb0b7c-0a16-4506-a1ea-c7bb6d582075-jpgrendition.jpg?im=whresize&wid=200&hei=200,,0784901,078-4901-8,Il n’en reste que 3 #078-4901-8,Liquidation◊Mieux notés,50.93,"3,43","6,99"
423,"Donnacona, QC","Porte-téléphone avec sonnerie Merkury Selfie Studio, Bluetooth, 3,3 po","Porte-téléphone avec sonnerie Merkury Selfie Studio, Bluetooth, 3,3 po",6.93,"6,93 $",24.99,"Était±  24,99 $prix était 24,99 $",6.93,"6,93 $",6.93,"6,93 $",true,https://www.canadiantire.ca/fr/pdp/porte-telephone-avec-sonnerie-merkury-selfie-studio-bluetooth-3-3-po-0358046p.html,https://www.canadiantire.ca/fr/pdp/porte-telephone-avec-sonnerie-merkury-selfie-studio-bluetooth-3-3-po-0358046p.html,https://media-www.canadiantire.ca/product/automotive/car-care-accessories/auto-electronics/0358046/merkury-selfie-studio-ring-light-clip-a558f918-c801-428d-9ced-eabe3889c611-jpgrendition.jpg?im=whresize&wid=200&hei=200,https://media-www.canadiantire.ca/product/automotive/car-care-accessories/auto-electronics/0358046/merkury-selfie-studio-ring-light-clip-a558f918-c801-428d-9ced-eabe3889c611-jpgrendition.jpg?im=whresize&wid=200&hei=200,,0358046,035-8046-2,16 En Stock#035-8046-2,Liquidation◊Mieux notés,72.27,"6,93","24,99"
423,"Donnacona, QC","Tapis de chargement sans fil Bamboo de Blueive, compatible avec tous les appareils compatibles Qi","Tapis de chargement sans fil Bamboo de Blueive, compatible avec tous les appareils compatibles Qi",7.93,"7,93 $",17.99,"Était±  17,99 $prix était 17,99 $",7.93,"7,93 $",7.93,"7,93 $",true,https://www.canadiantire.ca/fr/pdp/tapis-de-chargement-sans-fil-bamboo-de-blueive-compatible-avec-tous-les-appareils-compatibles-qi-0355505p.html,https://www.canadiantire.ca/fr/pdp/tapis-de-chargement-sans-fil-bamboo-de-blueive-compatible-avec-tous-les-appareils-compatibles-qi-0355505p.html,https://media-www.canadiantire.ca/product/automotive/car-care-accessories/auto-electronics/0355505/bluehive-bamboo-wireless-charging-pad-2bd5e105-8777-4ad0-9374-ff23d45eae2f-jpgrendition.jpg?im=whresize&wid=200&hei=200,https://media-www.canadiantire.ca/product/automotive/car-care-accessories/auto-electronics/0355505/bluehive-bamboo-wireless-charging-pad-2bd5e105-8777-4ad0-9374-ff23d45eae2f-jpgrendition.jpg?im=whresize&wid=200&hei=200,,0355505,035-5505-8,Il n’en reste que 5 #035-5505-8,Liquidation◊Articles à succès,55.92,"7,93","17,99"
423,"Donnacona, QC",Bottes d'hiver Outbound Torrent pour hommes,Bottes d'hiver Outbound Torrent pour hommes,31.93,"31,93 $",69.99,"69,99 $Était   et+ prix était à partir de 69,99 $",31.93,"31,93 $",31.93,"31,93 $",true,https://www.canadiantire.ca/fr/pdp/bottes-d-hiver-outbound-torrent-pour-hommes-1873705p.html,https://www.canadiantire.ca/fr/pdp/bottes-d-hiver-outbound-torrent-pour-hommes-1873705p.html,https://media-www.canadiantire.ca/product/playing/footwear-apparel/winter-footwear-apparel/1873705/men-s-torrent-7-cfcf9c33-d08c-4520-a3d2-87b94bf7510c-jpgrendition.jpg?im=whresize&wid=200&hei=200,https://media-www.canadiantire.ca/product/playing/footwear-apparel/winter-footwear-apparel/1873705/men-s-torrent-7-cfcf9c33-d08c-4520-a3d2-87b94bf7510c-jpgrendition.jpg?im=whresize&wid=200&hei=200,,1873705,187-3705,,Liquidation◊Exclusivité,54.38,"31,93","69,99"
423,"Donnacona, QC","Lustre doré à 10 lampes CANVAS Marlene, or brossé","Lustre doré à 10 lampes CANVAS Marlene, or brossé",99.93,"99,93 $",249.99,"Était±  249,99 $prix était 249,99 $",99.93,"99,93 $",99.93,"99,93 $",true,https://www.canadiantire.ca/fr/pdp/lustre-dore-a-10-lampes-canvas-marlene-or-brosse-1522611p.html,https://www.canadiantire.ca/fr/pdp/lustre-dore-a-10-lampes-canvas-marlene-or-brosse-1522611p.html,https://media-www.canadiantire.ca/product/living/home-decor/lighting/1522611/canvas-wilton-chandelier-e74d26bf-c6d4-4a18-a36d-c8dcdb26b92e-jpgrendition.jpg?im=whresize&wid=200&hei=200,https://media-www.canadiantire.ca/product/living/home-decor/lighting/1522611/canvas-wilton-chandelier-e74d26bf-c6d4-4a18-a36d-c8dcdb26b92e-jpgrendition.jpg?im=whresize&wid=200&hei=200,,1522611,152-2611-2,Il n’en reste que 1 #152-2611-2,Liquidation◊Mieux notés,60.03,"99,93","249,99"
423,"Donnacona, QC","Lyre de lampe Atron Electro Industries, plaqué en laiton","Lyre de lampe Atron Electro Industries, plaqué en laiton",1.93,"1,93 $",4.49,"4,49 $Était   et+ prix était à partir de 4,49 $",1.93,"1,93 $",1.93,"1,93 $",true,https://www.canadiantire.ca/fr/pdp/lyre-de-lampe-atron-electro-industries-plaque-en-laiton-0523167p.html,https://www.canadiantire.ca/fr/pdp/lyre-de-lampe-atron-electro-industries-plaque-en-laiton-0523167p.html,https://media-www.canadiantire.ca/product/fixing/electrical/rough-electrical/0523167/lamp-kit-harp-8--a3163a76-5b4d-4e1d-9c6d-5ad1b0385ccd-jpgrendition.jpg?im=whresize&wid=200&hei=200,https://media-www.canadiantire.ca/product/fixing/electrical/rough-electrical/0523167/lamp-kit-harp-8--a3163a76-5b4d-4e1d-9c6d-5ad1b0385ccd-jpgrendition.jpg?im=whresize&wid=200&hei=200,,0523167,052-3167,,Liquidation◊Mieux notés,57.02,"1,93","4,49"
423,"Donnacona, QC",Piscine à jets gonflable avec auvent arc-en-ciel Stella & Finn,Piscine à jets gonflable avec auvent arc-en-ciel Stella & Finn,5.93,"5,93 $",34.99,"Était±  34,99 $prix était 34,99 $",5.93,"5,93 $",5.93,"5,93 $",true,https://www.canadiantire.ca/fr/pdp/piscine-a-jets-gonflable-avec-auvent-arc-en-ciel-stella-finn-0813447p.html,https://www.canadiantire.ca/fr/pdp/piscine-a-jets-gonflable-avec-auvent-arc-en-ciel-stella-finn-0813447p.html,https://media-www.canadiantire.ca/product/seasonal-gardening/backyard-fun/pool-fun/0813447/stella-finn-inflatable-rainbow-spray-pool-3d965728-11ea-4c8e-bce8-5de98acc161e-jpgrendition.jpg?im=whresize&wid=200&hei=200,https://media-www.canadiantire.ca/product/seasonal-gardening/backyard-fun/pool-fun/0813447/stella-finn-inflatable-rainbow-spray-pool-3d965728-11ea-4c8e-bce8-5de98acc161e-jpgrendition.jpg?im=whresize&wid=200&hei=200,,0813447,081-3447-6,,Liquidation◊Exclusivité,83.05,"5,93","34,99"
423,"Donnacona, QC","Casque supra-auriculaire sans fil JLAB Studio, noir","Casque supra-auriculaire sans fil JLAB Studio, noir",18.88,"18,88 $",44.99,"Était±  44,99 $prix était 44,99 $",18.88,"18,88 $",18.88,"18,88 $",true,https://www.canadiantire.ca/fr/pdp/casque-supra-auriculaire-sans-fil-jlab-studio-noir-0442407p.html,https://www.canadiantire.ca/fr/pdp/casque-supra-auriculaire-sans-fil-jlab-studio-noir-0442407p.html,https://media-www.canadiantire.ca/product/living/electronics/home-entertainment-accessories/0442407/jlab-studio-wireless-on-ear-headphones-black-3aa5f370-8bfa-41fb-8bb6-0f432bb21473-jpgrendition.jpg?im=whresize&wid=200&hei=200,https://media-www.canadiantire.ca/product/living/electronics/home-entertainment-accessories/0442407/jlab-studio-wireless-on-ear-headphones-black-3aa5f370-8bfa-41fb-8bb6-0f432bb21473-jpgrendition.jpg?im=whresize&wid=200&hei=200,,0442407,044-2407-8,,Liquidation◊Articles à succès,58.04,"18,88","44,99"
423,"Donnacona, QC","Woods™ - Panneau solaire portatif, 21 W","Woods™ - Panneau solaire portatif, 21 W",49.93,"49,93 $",139.99,"Était±  139,99 $prix était 139,99 $",49.93,"49,93 $",49.93,"49,93 $",true,https://www.canadiantire.ca/fr/pdp/woodstm-panneau-solaire-portatif-21-w-0112519p.html,https://www.canadiantire.ca/fr/pdp/woodstm-panneau-solaire-portatif-21-w-0112519p.html,https://media-www.canadiantire.ca/product/seasonal-gardening/outdoor-tools/power-creation/0112519/woods-21-watt-portable-solar-panel-1bba4b05-37e0-498a-a09f-807789090e11-jpgrendition.jpg?im=whresize&wid=200&hei=200,https://media-www.canadiantire.ca/product/seasonal-gardening/outdoor-tools/power-creation/0112519/woods-21-watt-portable-solar-panel-1bba4b05-37e0-498a-a09f-807789090e11-jpgrendition.jpg?im=whresize&wid=200&hei=200,,0112519,011-2519-0,Il n’en reste que 1 #011-2519-0,Liquidation◊Exclusivité,64.33,"49,93","139,99"
423,"Donnacona, QC","Tapis de recharge sans fil en tissu Bluehive, 10 W","Tapis de recharge sans fil en tissu Bluehive, 10 W",8.93,"8,93 $",24.99,"Était±  24,99 $prix était 24,99 $",8.93,"8,93 $",8.93,"8,93 $",true,https://www.canadiantire.ca/fr/pdp/tapis-de-recharge-sans-fil-en-tissu-bluehive-10-w-0357142p.html,https://www.canadiantire.ca/fr/pdp/tapis-de-recharge-sans-fil-en-tissu-bluehive-10-w-0357142p.html,https://media-www.canadiantire.ca/product/automotive/electronics/mobile-electronics/0357142/bluehive-fabric-wireless-charging-pad-a5bac5a3-896e-4cff-b61a-553f7627b960-jpgrendition.jpg?im=whresize&wid=200&hei=200,https://media-www.canadiantire.ca/product/automotive/electronics/mobile-electronics/0357142/bluehive-fabric-wireless-charging-pad-a5bac5a3-896e-4cff-b61a-553f7627b960-jpgrendition.jpg?im=whresize&wid=200&hei=200,,0357142,035-7142-8,,Liquidation◊Exclusivité,64.27,"8,93","24,99"
423,"Donnacona, QC","Napperons rectangulaires en vinyle CANVAS Welland, 13 x 19 po, paq. 4","Napperons rectangulaires en vinyle CANVAS Welland, 13 x 19 po, paq. 4",9.93,"9,93 $",19.99,"Était±  19,99 $prix était 19,99 $",9.93,"9,93 $",9.93,"9,93 $",true,https://www.canadiantire.ca/fr/pdp/napperons-rectangulaires-en-vinyle-canvas-welland-13-x-19-po-paq-4-1424813p.html,https://www.canadiantire.ca/fr/pdp/napperons-rectangulaires-en-vinyle-canvas-welland-13-x-19-po-paq-4-1424813p.html,https://media-www.canadiantire.ca/product/living/kitchen/dining-and-entertaining/1424813/canvas-welland-placemat-4-pk-8473626e-4a2a-4c29-9d09-cf1f9ec20658-jpgrendition.jpg?im=whresize&wid=200&hei=200,https://media-www.canadiantire.ca/product/living/kitchen/dining-and-entertaining/1424813/canvas-welland-placemat-4-pk-8473626e-4a2a-4c29-9d09-cf1f9ec20658-jpgrendition.jpg?im=whresize&wid=200&hei=200,,1424813,142-4813-4,Il n’en reste que 3 #142-4813-4,Liquidation◊Exclusivité,50.33,"9,93","19,99"
423,"Donnacona, QC","Appât en plastique souple Xcalibur Live prémonté, perchaude","Appât en plastique souple Xcalibur Live prémonté, perchaude",4.93,"4,93 $",9.99,"9,99 $Était   et+ prix était à partir de 9,99 $",4.93,"4,93 $",4.93,"4,93 $",true,https://www.canadiantire.ca/fr/pdp/appat-en-plastique-souple-xcalibur-live-premonte-perchaude-0774085p.html,https://www.canadiantire.ca/fr/pdp/appat-en-plastique-souple-xcalibur-live-premonte-perchaude-0774085p.html,https://media-www.canadiantire.ca/product/playing/fishing/fishing-lures/0774085/xcalibur-live-perch-2--811e7dd8-357c-4f90-a46a-90d9ae3b8b73-jpgrendition.jpg?im=whresize&wid=200&hei=200,https://media-www.canadiantire.ca/product/playing/fishing/fishing-lures/0774085/xcalibur-live-perch-2--811e7dd8-357c-4f90-a46a-90d9ae3b8b73-jpgrendition.jpg?im=whresize&wid=200&hei=200,,0774085,077-4085,,Liquidation◊Exclusivité,50.65,"4,93","9,99"
423,"Donnacona, QC",Accessoires pour autocuiseur Mr. Heater Buddy FLEX 8 000 BTU,Accessoires pour autocuiseur Mr. Heater Buddy FLEX 8 000 BTU,40.93,"40,93 $",159.99,"Était±  159,99 $prix était 159,99 $",40.93,"40,93 $",40.93,"40,93 $",true,https://www.canadiantire.ca/fr/pdp/accessoires-pour-autocuiseur-mr-heater-buddy-flex-8-000-btu-0766271p.html,https://www.canadiantire.ca/fr/pdp/accessoires-pour-autocuiseur-mr-heater-buddy-flex-8-000-btu-0766271p.html,https://media-www.canadiantire.ca/product/playing/camping/camping-living/0766271/8k-btu-flex-heater-cooker-accessory-9fc18afd-6cd8-4669-af1a-f8adceef841b-jpgrendition.jpg?im=whresize&wid=200&hei=200,https://media-www.canadiantire.ca/product/playing/camping/camping-living/0766271/8k-btu-flex-heater-cooker-accessory-9fc18afd-6cd8-4669-af1a-f8adceef841b-jpgrendition.jpg?im=whresize&wid=200&hei=200,,0766271,076-6271-8,Il n’en reste que 1 #076-6271-8,Liquidation◊Mieux notés,74.42,"40,93","159,99"
423,"Donnacona, QC","Adhésif réutilisable Elmer's Tac 'N Stik, tampon adhésif bleu pour affiches, illustrations sur réfrigérateur et plus encore","Adhésif réutilisable Elmer's Tac 'N Stik, tampon adhésif bleu pour affiches, illustrations sur réfrigérateur et plus encore",0.93,"0,93 $",2.99,"Était±  2,99 $prix était 2,99 $",0.93,"0,93 $",0.93,"0,93 $",true,https://www.canadiantire.ca/fr/pdp/adhesif-reutilisable-elmer-s-tac-n-stik-tampon-adhesif-bleu-pour-affiches-illustrations-sur-refrigerateur-et-plus-encore-1424135p.html,https://www.canadiantire.ca/fr/pdp/adhesif-reutilisable-elmer-s-tac-n-stik-tampon-adhesif-bleu-pour-affiches-illustrations-sur-refrigerateur-et-plus-encore-1424135p.html,https://media-www.canadiantire.ca/product/seasonal-gardening/toys/home-office-supplies/1424135/elmer-s-sticky-tak-a05e4104-48a1-4993-8404-7e5652f49b0c-jpgrendition.jpg?im=whresize&wid=200&hei=200,https://media-www.canadiantire.ca/product/seasonal-gardening/toys/home-office-supplies/1424135/elmer-s-sticky-tak-a05e4104-48a1-4993-8404-7e5652f49b0c-jpgrendition.jpg?im=whresize&wid=200&hei=200,,1424135,142-4135-8,,Liquidation◊Mieux notés,68.9,"0,93","2,99"
423,"Donnacona, QC","Lubrifiant à pellicule sèche antiadhésif DuPont, bouteille à presser, 120 mL (4 oz)","Lubrifiant à pellicule sèche antiadhésif DuPont, bouteille à presser, 120 mL (4 oz)",2.93,"2,93 $",9.49,"Était±  9,49 $prix était 9,49 $",2.93,"2,93 $",2.93,"2,93 $",true,https://www.canadiantire.ca/fr/pdp/lubrifiant-a-pellicule-seche-antiadhesif-dupont-bouteille-a-presser-120-ml-4-oz-0387817p.html,https://www.canadiantire.ca/fr/pdp/lubrifiant-a-pellicule-seche-antiadhesif-dupont-bouteille-a-presser-120-ml-4-oz-0387817p.html,https://media-www.canadiantire.ca/product/automotive/auto-maintenance/auto-fluids/0387817/dupont-non-stick-4oz-squeeze-486595e9-13b3-42a0-9c33-1d91f9ff2266-jpgrendition.jpg?im=whresize&wid=200&hei=200,https://media-www.canadiantire.ca/product/automotive/auto-maintenance/auto-fluids/0387817/dupont-non-stick-4oz-squeeze-486595e9-13b3-42a0-9c33-1d91f9ff2266-jpgrendition.jpg?im=whresize&wid=200&hei=200,,0387817,038-7817-8,,Liquidation◊Mieux notés,69.13,"2,93","9,49"
423,"Donnacona, QC","Avançons à roulement à billes Danielson, testé 30-lb, 9 po, paq. 3","Avançons à roulement à billes Danielson, testé 30-lb, 9 po, paq. 3",1.73,"1,73 $",3.49,"Était±  3,49 $prix était 3,49 $",1.73,"1,73 $",1.73,"1,73 $",true,https://www.canadiantire.ca/fr/pdp/avancons-a-roulement-a-billes-danielson-teste-30-lb-9-po-paq-3-0774400p.html,https://www.canadiantire.ca/fr/pdp/avancons-a-roulement-a-billes-danielson-teste-30-lb-9-po-paq-3-0774400p.html,https://media-www.canadiantire.ca/product/playing/fishing/fishing-lures/0774400/danielson-ball-bearing-wire-leader-30-lbtest-9-3pk-d223965e-937d-49e3-970b-95c36915b63d-jpgrendition.jpg?im=whresize&wid=200&hei=200,https://media-www.canadiantire.ca/product/playing/fishing/fishing-lures/0774400/danielson-ball-bearing-wire-leader-30-lbtest-9-3pk-d223965e-937d-49e3-970b-95c36915b63d-jpgrendition.jpg?im=whresize&wid=200&hei=200,,0774400,077-4400-2,10 En Stock#077-4400-2,Liquidation◊Exclusivité,50.43,"1,73","3,49"
423,"Donnacona, QC",Restaurateur de plastique et vinyle Dupli-Color,Restaurateur de plastique et vinyle Dupli-Color,9.93,"9,93 $",29.99,"Était±  29,99 $prix était 29,99 $",9.93,"9,93 $",9.93,"9,93 $",true,https://www.canadiantire.ca/fr/pdp/restaurateur-de-plastique-et-vinyle-dupli-color-0471007p.html,https://www.canadiantire.ca/fr/pdp/restaurateur-de-plastique-et-vinyle-dupli-color-0471007p.html,https://media-www.canadiantire.ca/product/automotive/car-care-accessories/auto-body-repair/0471007/plastic-restorer-0de836f4-2801-40b2-b462-576682578200-jpgrendition.jpg?im=whresize&wid=200&hei=200,https://media-www.canadiantire.ca/product/automotive/car-care-accessories/auto-body-repair/0471007/plastic-restorer-0de836f4-2801-40b2-b462-576682578200-jpgrendition.jpg?im=whresize&wid=200&hei=200,,0471007,047-1007-0,Il n’en reste que 1 #047-1007-0,Liquidation◊Mieux notés,66.89,"9,93","29,99"
423,"Donnacona, QC",Rétroviseur d'angle mort côté passager K-Source,Rétroviseur d'angle mort côté passager K-Source,9.93,"9,93 $",29.99,"Était±  29,99 $prix était 29,99 $",9.93,"9,93 $",9.93,"9,93 $",true,https://www.canadiantire.ca/fr/pdp/retroviseur-d-angle-mort-cote-passager-k-source-0379257p.html,https://www.canadiantire.ca/fr/pdp/retroviseur-d-angle-mort-cote-passager-k-source-0379257p.html,https://media-www.canadiantire.ca/product/automotive/car-care-accessories/auto-accessories/0379257/car-passenger-blind-spot-mirror-b-pillar-mirror--a0c5071d-93ec-409a-a0aa-aecec352c1de-jpgrendition.jpg?im=whresize&wid=200&hei=200,https://media-www.canadiantire.ca/product/automotive/car-care-accessories/auto-accessories/0379257/car-passenger-blind-spot-mirror-b-pillar-mirror--a0c5071d-93ec-409a-a0aa-aecec352c1de-jpgrendition.jpg?im=whresize&wid=200&hei=200,,0379257,037-9257-0,Il n’en reste que 3 #037-9257-0,Liquidation◊,66.89,"9,93","29,99"
423,"Donnacona, QC",Cache de chasse Ameristep Caretaker Run & Gun,Cache de chasse Ameristep Caretaker Run & Gun,119.93,"119,93 $",239.99,"Était±  239,99 $prix était 239,99 $",119.93,"119,93 $",119.93,"119,93 $",true,https://www.canadiantire.ca/fr/pdp/cache-de-chasse-ameristep-caretaker-run-gun-3750838p.html,https://www.canadiantire.ca/fr/pdp/cache-de-chasse-ameristep-caretaker-run-gun-3750838p.html,https://media-www.canadiantire.ca/product/playing/hunting/hunting-equipment/3750838/aneristep-caretaker-run-gun-4371ecb5-a719-42e4-a1c7-a1454d0b204c-jpgrendition.jpg?im=whresize&wid=200&hei=200,https://media-www.canadiantire.ca/product/playing/hunting/hunting-equipment/3750838/aneristep-caretaker-run-gun-4371ecb5-a719-42e4-a1c7-a1454d0b204c-jpgrendition.jpg?im=whresize&wid=200&hei=200,,3750838,375-0838-6,13 En Stock#375-0838-6,Liquidation◊,50.03,"119,93","239,99"
423,"Donnacona, QC","Pot à épices en verre Kamenstein, incolore, 89 mL","Pot à épices en verre Kamenstein, incolore, 89 mL",0.93,"0,93 $",1.99,"Était±  1,99 $prix était 1,99 $",0.93,"0,93 $",0.93,"0,93 $",true,https://www.canadiantire.ca/fr/pdp/pot-a-epices-en-verre-kamenstein-incolore-89-ml-0423199p.html,https://www.canadiantire.ca/fr/pdp/pot-a-epices-en-verre-kamenstein-incolore-89-ml-0423199p.html,https://media-www.canadiantire.ca/product/living/kitchen/dining-and-entertaining/0423199/3oz-glass-spice-jar-ff939aa1-806d-49e7-9d9d-d9b6e154cee3-jpgrendition.jpg?im=whresize&wid=200&hei=200,https://media-www.canadiantire.ca/product/living/kitchen/dining-and-entertaining/0423199/3oz-glass-spice-jar-ff939aa1-806d-49e7-9d9d-d9b6e154cee3-jpgrendition.jpg?im=whresize&wid=200&hei=200,,0423199,042-3199-0,Il n’en reste que 4 #042-3199-0,Liquidation◊Mieux notés,53.27,"0,93","1,99"
423,"Donnacona, QC","Meule à tronçonner mince DEWALT en oxyde d'aluminium, type 01, pour métal","Meule à tronçonner mince DEWALT en oxyde d'aluminium, type 01, pour métal",3.93,"3,93 $",9.49,"9,49 $Était   et+ prix était à partir de 9,49 $",3.93,"3,93 $",3.93,"3,93 $",true,https://www.canadiantire.ca/fr/pdp/meule-a-tronconner-mince-dewalt-en-oxyde-d-aluminium-type-01-pour-metal-0547171p.html,https://www.canadiantire.ca/fr/pdp/meule-a-tronconner-mince-dewalt-en-oxyde-d-aluminium-type-01-pour-metal-0547171p.html,https://media-www.canadiantire.ca/product/fixing/tools/power-tool-accessories/0547172/dewalt-5-x-045-x-7-8-a60t-metal-thin-cut-off-wheel-type-f835f4a8-5f2c-4d9f-ba4d-af6b2f2d0d25-jpgrendition.jpg?im=whresize&wid=200&hei=200,https://media-www.canadiantire.ca/product/fixing/tools/power-tool-accessories/0547172/dewalt-5-x-045-x-7-8-a60t-metal-thin-cut-off-wheel-type-f835f4a8-5f2c-4d9f-ba4d-af6b2f2d0d25-jpgrendition.jpg?im=whresize&wid=200&hei=200,,0547171,054-7171,,Liquidation◊,58.59,"3,93","9,49"
423,"Donnacona, QC","Anneau adaptateur Leviton REA00-722 Renu, blanc","Anneau adaptateur Leviton REA00-722 Renu, blanc",0.43,"0,43 $",0.99,"Était±  0,99 $prix était 0,99 $",0.43,"0,43 $",0.43,"0,43 $",true,https://www.canadiantire.ca/fr/pdp/anneau-adaptateur-leviton-rea00-722-renu-blanc-0528277p.html,https://www.canadiantire.ca/fr/pdp/anneau-adaptateur-leviton-rea00-722-renu-blanc-0528277p.html,https://media-www.canadiantire.ca/product/fixing/electrical/rough-electrical/0528277/renu-white-adapter-ring-fdc61859-7fe1-48ea-b79b-c8e7471aea0d-jpgrendition.jpg?im=whresize&wid=200&hei=200,https://media-www.canadiantire.ca/product/fixing/electrical/rough-electrical/0528277/renu-white-adapter-ring-fdc61859-7fe1-48ea-b79b-c8e7471aea0d-jpgrendition.jpg?im=whresize&wid=200&hei=200,,0528277,052-8277-0,Il n’en reste que 1 #052-8277-0,Liquidation◊,56.57,"0,43","0,99"
423,"Donnacona, QC","Dandinette ronde Xcalibur, lever de soleil, 1/2 oz","Dandinette ronde Xcalibur, lever de soleil, 1/2 oz",2.93,"2,93 $",5.99,"Était±  5,99 $prix était 5,99 $",2.93,"2,93 $",2.93,"2,93 $",true,https://www.canadiantire.ca/fr/pdp/dandinette-ronde-xcalibur-lever-de-soleil-1-2-oz-0773783p.html,https://www.canadiantire.ca/fr/pdp/dandinette-ronde-xcalibur-lever-de-soleil-1-2-oz-0773783p.html,https://media-www.canadiantire.ca/product/playing/fishing/fishing-lures/0773783/matzuo-round-jig-sunrise-1-2-6e90197c-1f33-45f6-bac1-251669f17a92-jpgrendition.jpg?im=whresize&wid=200&hei=200,https://media-www.canadiantire.ca/product/playing/fishing/fishing-lures/0773783/matzuo-round-jig-sunrise-1-2-6e90197c-1f33-45f6-bac1-251669f17a92-jpgrendition.jpg?im=whresize&wid=200&hei=200,,0773783,077-3783-6,Il n’en reste que 2 #077-3783-6,Liquidation◊Mieux notés,51.09,"2,93","5,99"
423,"Donnacona, QC","Peinture en aérosol émail pour métal et bois pour l'intérieur et l'extérieur Armor Coat, mat, 340 g","Peinture en aérosol émail pour métal et bois pour l'intérieur et l'extérieur Armor Coat, mat, 340 g",4.93,"4,93 $",9.99,"9,99 $Était   et+ prix était à partir de 9,99 $",4.93,"4,93 $",4.93,"4,93 $",true,https://www.canadiantire.ca/fr/pdp/peinture-en-aerosol-email-pour-metal-et-bois-pour-l-interieur-et-l-exterieur-armor-coat-mat-340-g-0480323p.html,https://www.canadiantire.ca/fr/pdp/peinture-en-aerosol-email-pour-metal-et-bois-pour-l-interieur-et-l-exterieur-armor-coat-mat-340-g-0480323p.html,https://media-www.canadiantire.ca/product/fixing/paint/paints/0480323/armor-coat-enamel-flat-black-998b1b53-5e99-4225-8a43-2428e4ba2a9a-jpgrendition.jpg?im=whresize&wid=200&hei=200,https://media-www.canadiantire.ca/product/fixing/paint/paints/0480323/armor-coat-enamel-flat-black-998b1b53-5e99-4225-8a43-2428e4ba2a9a-jpgrendition.jpg?im=whresize&wid=200&hei=200,,0480323,048-0323,,Liquidation◊Mieux notés,50.65,"4,93","9,99"
423,"Donnacona, QC","Leurre Mister Twister Teeny Curly Tail Grub, 2 po","Leurre Mister Twister Teeny Curly Tail Grub, 2 po",2.73,"2,73 $",5.49,"5,49 $Était   et+ prix était à partir de 5,49 $",2.73,"2,73 $",2.73,"2,73 $",true,https://www.canadiantire.ca/fr/pdp/leurre-mister-twister-teeny-curly-tail-grub-2-po-0781635p.html,https://www.canadiantire.ca/fr/pdp/leurre-mister-twister-teeny-curly-tail-grub-2-po-0781635p.html,https://media-www.canadiantire.ca/product/playing/fishing/fishing-lures/0783592/mister-twister-teenie-curly-black-2-20-pack-185443b3-0663-4b07-aed6-442ab90cb3b0-jpgrendition.jpg?im=whresize&wid=200&hei=200,https://media-www.canadiantire.ca/product/playing/fishing/fishing-lures/0783592/mister-twister-teenie-curly-black-2-20-pack-185443b3-0663-4b07-aed6-442ab90cb3b0-jpgrendition.jpg?im=whresize&wid=200&hei=200,,0781635,078-1635,,Liquidation◊Mieux notés,50.27,"2,73","5,49"
423,"Donnacona, QC","Tête de dandinette à tube Danielson, non peinte, paq. 10","Tête de dandinette à tube Danielson, non peinte, paq. 10",2.43,"2,43 $",4.99,"4,99 $Était   et+ prix était à partir de 4,99 $",2.43,"2,43 $",2.43,"2,43 $",true,https://www.canadiantire.ca/fr/pdp/tete-de-dandinette-a-tube-danielson-non-peinte-paq-10-0787763p.html,https://www.canadiantire.ca/fr/pdp/tete-de-dandinette-a-tube-danielson-non-peinte-paq-10-0787763p.html,https://media-www.canadiantire.ca/product/playing/fishing/fishing-lures/0787763/danielson-jig-head-unpainted-tube-1-4oz-a8cba4dd-f1cf-4bcd-9875-5f33556c0066-jpgrendition.jpg?im=whresize&wid=200&hei=200,https://media-www.canadiantire.ca/product/playing/fishing/fishing-lures/0787763/danielson-jig-head-unpainted-tube-1-4oz-a8cba4dd-f1cf-4bcd-9875-5f33556c0066-jpgrendition.jpg?im=whresize&wid=200&hei=200,,0787763,078-7763,,Liquidation◊Exclusivité,51.3,"2,43","4,99"
423,"Donnacona, QC","Microdandinette pour pêche blanche en eau dure HT, luminescent, paq. 5","Microdandinette pour pêche blanche en eau dure HT, luminescent, paq. 5",2.63,"2,63 $",6.99,"Était±  6,99 $prix était 6,99 $",2.63,"2,63 $",2.63,"2,63 $",true,https://www.canadiantire.ca/fr/pdp/microdandinette-pour-peche-blanche-en-eau-dure-ht-luminescent-paq-5-0778510p.html,https://www.canadiantire.ca/fr/pdp/microdandinette-pour-peche-blanche-en-eau-dure-ht-luminescent-paq-5-0778510p.html,https://media-www.canadiantire.ca/product/playing/fishing/ice-fishing/0778510/ht-hardwater-micro-jig-glow-assorted-10-5-pack-b241194b-52ac-4332-bd82-5ee70555e09c-jpgrendition.jpg?im=whresize&wid=200&hei=200,https://media-www.canadiantire.ca/product/playing/fishing/ice-fishing/0778510/ht-hardwater-micro-jig-glow-assorted-10-5-pack-b241194b-52ac-4332-bd82-5ee70555e09c-jpgrendition.jpg?im=whresize&wid=200&hei=200,,0778510,077-8510-6,,Liquidation◊,62.37,"2,63","6,99"
423,"Donnacona, QC","Émerillon à barillet Danielson, laiton, taille 5, paq. 6","Émerillon à barillet Danielson, laiton, taille 5, paq. 6",0.43,"0,43 $",0.99,"Était±  0,99 $prix était 0,99 $",0.43,"0,43 $",0.43,"0,43 $",true,https://www.canadiantire.ca/fr/pdp/emerillon-a-barillet-danielson-laiton-taille-5-paq-6-0774430p.html,https://www.canadiantire.ca/fr/pdp/emerillon-a-barillet-danielson-laiton-taille-5-paq-6-0774430p.html,https://media-www.canadiantire.ca/product/playing/fishing/fishing-lures/0774430/danielson-barrel-swivel-brass-size-5-6pk-cdee1007-948c-47cb-8caa-415cd9120e20-jpgrendition.jpg?im=whresize&wid=200&hei=200,https://media-www.canadiantire.ca/product/playing/fishing/fishing-lures/0774430/danielson-barrel-swivel-brass-size-5-6pk-cdee1007-948c-47cb-8caa-415cd9120e20-jpgrendition.jpg?im=whresize&wid=200&hei=200,,0774430,077-4430-0,,Liquidation◊,56.57,"0,43","0,99"
423,"Donnacona, QC","Ampoule halogène Kimpex 9589, P45T, 12 V, 45/45 W","Ampoule halogène Kimpex 9589, P45T, 12 V, 45/45 W",0.93,"0,93 $",5.49,"Était±  5,49 $prix était 5,49 $",0.93,"0,93 $",0.93,"0,93 $",true,https://www.canadiantire.ca/fr/pdp/ampoule-halogene-kimpex-9589-p45t-12-v-45-45-w-0262054p.html,https://www.canadiantire.ca/fr/pdp/ampoule-halogene-kimpex-9589-p45t-12-v-45-45-w-0262054p.html,https://media-www.canadiantire.ca/product/automotive/automotive-outdoor-adventure/powersport/0262054/bulb-p45t-12v-45-45w-b45dc26a-98cb-4789-b182-492b070ebfd8-jpgrendition.jpg?im=whresize&wid=200&hei=200,https://media-www.canadiantire.ca/product/automotive/automotive-outdoor-adventure/powersport/0262054/bulb-p45t-12v-45-45w-b45dc26a-98cb-4789-b182-492b070ebfd8-jpgrendition.jpg?im=whresize&wid=200&hei=200,,0262054,026-2054-0,Il n’en reste que 4 #026-2054-0,Liquidation◊Mieux notés,83.06,"0,93","5,49"
423,"Donnacona, QC",Aérateur verseur chromé de luxe Houdini,Aérateur verseur chromé de luxe Houdini,7.93,"7,93 $",15.99,"Était±  15,99 $prix était 15,99 $",7.93,"7,93 $",7.93,"7,93 $",true,https://www.canadiantire.ca/fr/pdp/aerateur-verseur-chrome-de-luxe-houdini-2420077p.html,https://www.canadiantire.ca/fr/pdp/aerateur-verseur-chrome-de-luxe-houdini-2420077p.html,https://media-www.canadiantire.ca/product/living/kitchen/dining-and-entertaining/2420077/houdini-aerator-dc3c69b2-3ddc-4e00-8ddf-4e3de2f0f9e7-jpgrendition.jpg?im=whresize&wid=200&hei=200,https://media-www.canadiantire.ca/product/living/kitchen/dining-and-entertaining/2420077/houdini-aerator-dc3c69b2-3ddc-4e00-8ddf-4e3de2f0f9e7-jpgrendition.jpg?im=whresize&wid=200&hei=200,,2420077,242-0077-2,Il n’en reste que 1 #242-0077-2,Liquidation◊,50.41,"7,93","15,99"
423,"Donnacona, QC","Ballon en aluminium satiné carré Pixel Party B-Day, vert/brun, 16,5 po, gonflement à l'hélium et ruban inclus, pour fête d'anniversaire","Ballon en aluminium satiné carré Pixel Party B-Day, vert/brun, 16,5 po, gonflement à l'hélium et ruban inclus, pour fête d'anniversaire",3.43,"3,43 $",6.99,"Était±  6,99 $prix était 6,99 $",3.43,"3,43 $",3.43,"3,43 $",true,https://www.canadiantire.ca/fr/pdp/ballon-en-aluminium-satine-carre-pixel-party-b-day-vert-brun-16-5-po-gonflement-a-l-helium-et-ruban-inclus-pour-fete-d-anniversaire-8424067p.html,https://www.canadiantire.ca/fr/pdp/ballon-en-aluminium-satine-carre-pixel-party-b-day-vert-brun-16-5-po-gonflement-a-l-helium-et-ruban-inclus-pour-fete-d-anniversaire-8424067p.html,https://media-www.partycity.ca/product/seasonal-gardening/party-city-everyday/party-city-party-supplies-decor/8424067/649-sd-fl-blln-tnt-prty-26c509ee-573d-4c2a-aaeb-210da7f24e3c-jpgrendition.jpg?im=whresize&wid=200&hei=200,https://media-www.partycity.ca/product/seasonal-gardening/party-city-everyday/party-city-party-supplies-decor/8424067/649-sd-fl-blln-tnt-prty-26c509ee-573d-4c2a-aaeb-210da7f24e3c-jpgrendition.jpg?im=whresize&wid=200&hei=200,,8424067,842-4067-4,Il n’en reste que 1 #842-4067-4,Liquidation◊Hélium compris,50.93,"3,43","6,99"
423,"Donnacona, QC",Huitre à enfourcher flottante gonflable pour lac,Huitre à enfourcher flottante gonflable pour lac,49.93,"49,93 $",99.99,"Était±  99,99 $prix était 99,99 $",49.93,"49,93 $",49.93,"49,93 $",true,https://www.canadiantire.ca/fr/pdp/huitre-a-enfourcher-flottante-gonflable-pour-lac-0791411p.html,https://www.canadiantire.ca/fr/pdp/huitre-a-enfourcher-flottante-gonflable-pour-lac-0791411p.html,https://media-www.canadiantire.ca/product/playing/seasonal-recreation/marine-water-fun/0791411/clamshell-lake-inflatable-84c224b6-f74f-43cb-add7-f18aa0e52402-jpgrendition.jpg?im=whresize&wid=200&hei=200,https://media-www.canadiantire.ca/product/playing/seasonal-recreation/marine-water-fun/0791411/clamshell-lake-inflatable-84c224b6-f74f-43cb-add7-f18aa0e52402-jpgrendition.jpg?im=whresize&wid=200&hei=200,,0791411,079-1411-0,Il n’en reste que 4 #079-1411-0,Liquidation◊,50.07,"49,93","99,99"
423,"Donnacona, QC","Porte-kayak sur le toit SportRack SR5511 Mooring, 36 po, paq. 2","Porte-kayak sur le toit SportRack SR5511 Mooring, 36 po, paq. 2",83.93,"83,93 $",199.99,"Était±  199,99 $prix était 199,99 $",83.93,"83,93 $",83.93,"83,93 $",true,https://www.canadiantire.ca/fr/pdp/porte-kayak-sur-le-toit-sportrack-sr5511-mooring-36-po-paq-2-0401100p.html,https://www.canadiantire.ca/fr/pdp/porte-kayak-sur-le-toit-sportrack-sr5511-mooring-36-po-paq-2-0401100p.html,https://media-www.canadiantire.ca/product/automotive/automotive-outdoor-adventure/auto-travel-storage/0401100/sportrack-j-stacking-kayak-carrier-6b63abe3-896a-43ce-9735-f07e1c5ceea0-jpgrendition.jpg?im=whresize&wid=200&hei=200,https://media-www.canadiantire.ca/product/automotive/automotive-outdoor-adventure/auto-travel-storage/0401100/sportrack-j-stacking-kayak-carrier-6b63abe3-896a-43ce-9735-f07e1c5ceea0-jpgrendition.jpg?im=whresize&wid=200&hei=200,,0401100,040-1100-0,Il n’en reste que 2 #040-1100-0,Liquidation◊Mieux notés,58.03,"83,93","199,99"
423,"Donnacona, QC","Panier/bol à fruits en métal Type A Linéaire avec support à bananes et base en bois, blanc","Panier/bol à fruits en métal Type A Linéaire avec support à bananes et base en bois, blanc",9.93,"9,93 $",19.99,"Était±  19,99 $prix était 19,99 $",9.93,"9,93 $",9.93,"9,93 $",true,https://www.canadiantire.ca/fr/pdp/panier-bol-a-fruits-en-metal-type-a-lineaire-avec-support-a-bananes-et-base-en-bois-blanc-1425523p.html,https://www.canadiantire.ca/fr/pdp/panier-bol-a-fruits-en-metal-type-a-lineaire-avec-support-a-bananes-et-base-en-bois-blanc-1425523p.html,https://media-www.canadiantire.ca/product/living/home-organization/kitchen-organization/1425523/type-a-linear-fruit-bowl-with-banana-hanger-aee17e3d-941e-4b25-9788-9c2947a808b3-jpgrendition.jpg?im=whresize&wid=200&hei=200,https://media-www.canadiantire.ca/product/living/home-organization/kitchen-organization/1425523/type-a-linear-fruit-bowl-with-banana-hanger-aee17e3d-941e-4b25-9788-9c2947a808b3-jpgrendition.jpg?im=whresize&wid=200&hei=200,,1425523,142-5523-8,Il n’en reste que 6 #142-5523-8,Liquidation◊Mieux notés,50.33,"9,93","19,99"
423,"Donnacona, QC","Peinture de retouche Scratch Fix All-in-1, Grès clair (M) (PKG)","Peinture de retouche Scratch Fix All-in-1, Grès clair (M) (PKG)",8.93,"8,93 $",28.99,"Était±  28,99 $prix était 28,99 $",8.93,"8,93 $",8.93,"8,93 $",true,https://www.canadiantire.ca/fr/pdp/peinture-de-retouche-scratch-fix-all-in-1-gres-clair-m-pkg-0475171p.html,https://www.canadiantire.ca/fr/pdp/peinture-de-retouche-scratch-fix-all-in-1-gres-clair-m-pkg-0475171p.html,https://media-www.canadiantire.ca/product/automotive/car-care-accessories/auto-body-repair/0475171/scratch-fix-light-sandstone-met-all-in-1-fe826dba-92ee-4d37-92a6-2e2ef13c2ce9.png?im=whresize&wid=200&hei=200,https://media-www.canadiantire.ca/product/automotive/car-care-accessories/auto-body-repair/0475171/scratch-fix-light-sandstone-met-all-in-1-fe826dba-92ee-4d37-92a6-2e2ef13c2ce9.png?im=whresize&wid=200&hei=200,,0475171,047-5171-2,8 En Stock#047-5171-2,Liquidation◊,69.2,"8,93","28,99"
423,"Donnacona, QC","Chaise pour table à manger de jardin CANVAS Coventry Hills avec coussin hydrofuge avec protection anti-UV, colombe","Chaise pour table à manger de jardin CANVAS Coventry Hills avec coussin hydrofuge avec protection anti-UV, colombe",79.93,"79,93 $",169.99,"Était±  169,99 $prix était 169,99 $",79.93,"79,93 $",79.93,"79,93 $",true,https://www.canadiantire.ca/fr/pdp/chaise-pour-table-a-manger-de-jardin-canvas-coventry-hills-avec-coussin-hydrofuge-avec-protection-anti-uv-colombe-0882032p.html,https://www.canadiantire.ca/fr/pdp/chaise-pour-table-a-manger-de-jardin-canvas-coventry-hills-avec-coussin-hydrofuge-avec-protection-anti-uv-colombe-0882032p.html,https://media-www.canadiantire.ca/product/seasonal-gardening/backyard-living/outdoor-furniture/0882032/canvas-coventry-hills-cast-dining-chair-dove-313115d3-52d4-49f8-8b8f-9aa55da7e369-jpgrendition.jpg?im=whresize&wid=200&hei=200,https://media-www.canadiantire.ca/product/seasonal-gardening/backyard-living/outdoor-furniture/0882032/canvas-coventry-hills-cast-dining-chair-dove-313115d3-52d4-49f8-8b8f-9aa55da7e369-jpgrendition.jpg?im=whresize&wid=200&hei=200,,0882032,088-2032-4,Il n’en reste que 1 #088-2032-4,Liquidation◊Mieux notés,52.98,"79,93","169,99"
423,"Donnacona, QC","Protecteur antirouille Dry Coat, 16 oz","Protecteur antirouille Dry Coat, 16 oz",4.93,"4,93 $",17.99,"Était±  17,99 $prix était 17,99 $",4.93,"4,93 $",4.93,"4,93 $",true,https://www.canadiantire.ca/fr/pdp/protecteur-antirouille-dry-coat-16-oz-0477922p.html,https://www.canadiantire.ca/fr/pdp/protecteur-antirouille-dry-coat-16-oz-0477922p.html,https://media-www.canadiantire.ca/product/automotive/car-care-accessories/auto-body-repair/0477922/dry-coat-rust-preventative-16-oz-473-ml--24844920-5bf6-416a-9924-2d9a6dd4447d.png?im=whresize&wid=200&hei=200,https://media-www.canadiantire.ca/product/automotive/car-care-accessories/auto-body-repair/0477922/dry-coat-rust-preventative-16-oz-473-ml--24844920-5bf6-416a-9924-2d9a6dd4447d.png?im=whresize&wid=200&hei=200,,0477922,047-7922-4,9 En Stock#047-7922-4,Liquidation◊Mieux notés,72.6,"4,93","17,99"
423,"Donnacona, QC",Cuiller à méné en plastique pour pêche blanche HT,Cuiller à méné en plastique pour pêche blanche HT,1.23,"1,23 $",2.49,"Était±  2,49 $prix était 2,49 $",1.23,"1,23 $",1.23,"1,23 $",true,https://www.canadiantire.ca/fr/pdp/cuiller-a-mene-en-plastique-pour-peche-blanche-ht-0788033p.html,https://www.canadiantire.ca/fr/pdp/cuiller-a-mene-en-plastique-pour-peche-blanche-ht-0788033p.html,https://media-www.canadiantire.ca/product/playing/fishing/ice-fishing/0788033/ht-plastic-minnow-scoop-7cf01ae1-b64a-418a-abba-81134311c7f8-jpgrendition.jpg?im=whresize&wid=200&hei=200,https://media-www.canadiantire.ca/product/playing/fishing/ice-fishing/0788033/ht-plastic-minnow-scoop-7cf01ae1-b64a-418a-abba-81134311c7f8-jpgrendition.jpg?im=whresize&wid=200&hei=200,,0788033,078-8033-0,8 En Stock#078-8033-0,Liquidation◊,50.6,"1,23","2,49"
423,"Donnacona, QC",Harnais Xcalibur pour le brochet,Harnais Xcalibur pour le brochet,2.93,"2,93 $",5.99,"5,99 $Était   et+ prix était à partir de 5,99 $",2.93,"2,93 $",2.93,"2,93 $",true,https://www.canadiantire.ca/fr/pdp/harnais-xcalibur-pour-le-brochet-0786846p.html,https://www.canadiantire.ca/fr/pdp/harnais-xcalibur-pour-le-brochet-0786846p.html,https://media-www.canadiantire.ca/product/playing/fishing/fishing-lures/0786846/matzuo-pike-harness-firetiger-e9dfe828-903b-4613-a7c2-e57189a7991a-jpgrendition.jpg?im=whresize&wid=200&hei=200,https://media-www.canadiantire.ca/product/playing/fishing/fishing-lures/0786846/matzuo-pike-harness-firetiger-e9dfe828-903b-4613-a7c2-e57189a7991a-jpgrendition.jpg?im=whresize&wid=200&hei=200,,0786846,078-6846,,Liquidation◊Exclusivité,51.09,"2,93","5,99"
423,"Donnacona, QC","Ballon en aluminium satiné carré Pyjamasques Yoyo/Bibou/Gluglu, bleu/vert/rouge, 29 po, gonflement à l'hélium et ruban inclus, pour fête d'anniversaire","Ballon en aluminium satiné carré Pyjamasques Yoyo/Bibou/Gluglu, bleu/vert/rouge, 29 po, gonflement à l'hélium et ruban inclus, pour fête d'anniversaire",4.99,"4,99 $",19.99,"Était±  19,99 $prix était 19,99 $",4.99,"4,99 $",4.99,"4,99 $",true,https://www.canadiantire.ca/fr/pdp/ballon-en-aluminium-satine-carre-pyjamasques-yoyo-bibou-gluglu-bleu-vert-rouge-29-po-gonflement-a-l-helium-et-ruban-inclus-pour-fete-d-anniversaire-8424410p.html,https://www.canadiantire.ca/fr/pdp/ballon-en-aluminium-satine-carre-pyjamasques-yoyo-bibou-gluglu-bleu-vert-rouge-29-po-gonflement-a-l-helium-et-ruban-inclus-pour-fete-d-anniversaire-8424410p.html,https://media-www.partycity.ca/product/seasonal-gardening/party-city-everyday/party-city-party-supplies-decor/8424410/blln-fl-ss-pj-masks-9770f1b3-9825-4d91-ae1c-f2e84981946a-jpgrendition.jpg?im=whresize&wid=200&hei=200,https://media-www.partycity.ca/product/seasonal-gardening/party-city-everyday/party-city-party-supplies-decor/8424410/blln-fl-ss-pj-masks-9770f1b3-9825-4d91-ae1c-f2e84981946a-jpgrendition.jpg?im=whresize&wid=200&hei=200,,8424410,842-4410-6,Il n’en reste que 3 #842-4410-6,Liquidation◊Mieux notés,75.04,"4,99","19,99"
423,"Donnacona, QC",Cales de roues,Cales de roues,10.93,"10,93 $",24.99,"Était±  24,99 $prix était 24,99 $",10.93,"10,93 $",10.93,"10,93 $",true,https://www.canadiantire.ca/fr/pdp/cales-de-roues-0409091p.html,https://www.canadiantire.ca/fr/pdp/cales-de-roues-0409091p.html,https://media-www.canadiantire.ca/product/automotive/automotive-outdoor-adventure/auto-travel-storage/0409091/wheel-chock-wedge-c86956e7-4229-49a6-8551-2377988d0bb0-jpgrendition.jpg?im=whresize&wid=200&hei=200,https://media-www.canadiantire.ca/product/automotive/automotive-outdoor-adventure/auto-travel-storage/0409091/wheel-chock-wedge-c86956e7-4229-49a6-8551-2377988d0bb0-jpgrendition.jpg?im=whresize&wid=200&hei=200,,0409091,040-9091-2,Il n’en reste que 4 #040-9091-2,Liquidation◊,56.26,"10,93","24,99"
423,"Donnacona, QC","Moules à sucettes glacées For Living, paq. 4","Moules à sucettes glacées For Living, paq. 4",5.93,"5,93 $",14.99,"Était±  14,99 $prix était 14,99 $",5.93,"5,93 $",5.93,"5,93 $",true,https://www.canadiantire.ca/fr/pdp/moules-a-sucettes-glacees-for-living-paq-4-0597395p.html,https://www.canadiantire.ca/fr/pdp/moules-a-sucettes-glacees-for-living-paq-4-0597395p.html,https://media-www.canadiantire.ca/product/seasonal-gardening/backyard-living/outdoor-living-accessories/0597395/for-living-freezie-set-4-pack-36fe0a00-0498-4a7e-bd90-bed21b45e9a5-jpgrendition.jpg?im=whresize&wid=200&hei=200,https://media-www.canadiantire.ca/product/seasonal-gardening/backyard-living/outdoor-living-accessories/0597395/for-living-freezie-set-4-pack-36fe0a00-0498-4a7e-bd90-bed21b45e9a5-jpgrendition.jpg?im=whresize&wid=200&hei=200,,0597395,059-7395-0,,Liquidation◊Exclusivité,60.44,"5,93","14,99"
423,"Donnacona, QC","Couteaux polyvalents et Tao Bar Yukon Gear, paq. 2","Couteaux polyvalents et Tao Bar Yukon Gear, paq. 2",18.73,"18,73 $",39.99,"Était±  39,99 $prix était 39,99 $",18.73,"18,73 $",18.73,"18,73 $",true,https://www.canadiantire.ca/fr/pdp/couteaux-polyvalents-et-tao-bar-yukon-gear-paq-2-3750548p.html,https://www.canadiantire.ca/fr/pdp/couteaux-polyvalents-et-tao-bar-yukon-gear-paq-2-3750548p.html,https://media-www.canadiantire.ca/product/playing/hunting/hunting-equipment/3750548/combo-pack-of-multi-knife-and-tao-bar-blister-pack--c972b52e-bbb3-420a-b23e-6a7a6608f651-jpgrendition.jpg?im=whresize&wid=200&hei=200,https://media-www.canadiantire.ca/product/playing/hunting/hunting-equipment/3750548/combo-pack-of-multi-knife-and-tao-bar-blister-pack--c972b52e-bbb3-420a-b23e-6a7a6608f651-jpgrendition.jpg?im=whresize&wid=200&hei=200,,3750548,375-0548-6,Il n’en reste que 1 #375-0548-6,Liquidation◊Exclusivité,53.16,"18,73","39,99"
423,"Donnacona, QC","Cache-cou Outbound, tricot torsadé, pour femmes","Cache-cou Outbound, tricot torsadé, pour femmes",10.93,"10,93 $",24.99,"Était±  24,99 $prix était 24,99 $",10.93,"10,93 $",10.93,"10,93 $",true,https://www.canadiantire.ca/fr/pdp/cache-cou-outbound-tricot-torsade-pour-femmes-1873337p.html,https://www.canadiantire.ca/fr/pdp/cache-cou-outbound-tricot-torsade-pour-femmes-1873337p.html,https://media-www.canadiantire.ca/product/playing/footwear-apparel/winter-footwear-apparel/1873337/outbound-ladies-blend-cable-neck-warmer-one-size-6c72d1ee-f748-4585-8f92-41b4ad18cd4e-jpgrendition.jpg?im=whresize&wid=200&hei=200,https://media-www.canadiantire.ca/product/playing/footwear-apparel/winter-footwear-apparel/1873337/outbound-ladies-blend-cable-neck-warmer-one-size-6c72d1ee-f748-4585-8f92-41b4ad18cd4e-jpgrendition.jpg?im=whresize&wid=200&hei=200,,1873337,187-3337-8,Il n’en reste que 1 #187-3337-8,Liquidation◊Exclusivité,56.26,"10,93","24,99"
423,"Donnacona, QC","Ballon en aluminium satiné, point d'interrogation, choix de couleurs, 16 po, gonflé d'air, pour anniversaire/remise de diplômes/fête prénatale/mariage de finissants","Ballon en aluminium satiné, point d'interrogation, choix de couleurs, 16 po, gonflé d'air, pour anniversaire/remise de diplômes/fête prénatale/mariage de finissants",0.43,"0,43 $",2.99,"2,99 $Était   et+ prix était à partir de 2,99 $",0.43,"0,43 $",0.43,"0,43 $",true,https://www.canadiantire.ca/fr/pdp/ballon-en-aluminium-satine-point-d-interrogation-choix-de-couleurs-16-po-gonfle-d-air-pour-anniversaire-remise-de-diplomes-fete-prenatale-mariage-de-finissants-8424326p.html,https://www.canadiantire.ca/fr/pdp/ballon-en-aluminium-satine-point-d-interrogation-choix-de-couleurs-16-po-gonfle-d-air-pour-anniversaire-remise-de-diplomes-fete-prenatale-mariage-de-finissants-8424326p.html,https://media-www.partycity.ca/product/seasonal-gardening/party-city-everyday/party-city-party-supplies-decor/8424327/blln-air-filled-symbl-gld-0355ff74-96ca-45ad-8f1c-f38e0d425abf-jpgrendition.jpg?im=whresize&wid=200&hei=200,https://media-www.partycity.ca/product/seasonal-gardening/party-city-everyday/party-city-party-supplies-decor/8424327/blln-air-filled-symbl-gld-0355ff74-96ca-45ad-8f1c-f38e0d425abf-jpgrendition.jpg?im=whresize&wid=200&hei=200,,8424326,842-4326,,Liquidation◊Mieux notés,85.62,"0,43","2,99"
423,"Donnacona, QC","Dandinette bouton Matzuo, 3/4 oz","Dandinette bouton Matzuo, 3/4 oz",3.93,"3,93 $",7.99,"7,99 $Était   et+ prix était à partir de 7,99 $",3.93,"3,93 $",3.93,"3,93 $",true,https://www.canadiantire.ca/fr/pdp/dandinette-bouton-matzuo-3-4-oz-1784500p.html,https://www.canadiantire.ca/fr/pdp/dandinette-bouton-matzuo-3-4-oz-1784500p.html,https://media-www.canadiantire.ca/product/playing/fishing/fishing-lures/1784501/matzuo-button-jig-glow-rainbow-3-4-oz-7f2124aa-cbc9-4c6f-b01b-0cc43cca0128-jpgrendition.jpg?im=whresize&wid=200&hei=200,https://media-www.canadiantire.ca/product/playing/fishing/fishing-lures/1784501/matzuo-button-jig-glow-rainbow-3-4-oz-7f2124aa-cbc9-4c6f-b01b-0cc43cca0128-jpgrendition.jpg?im=whresize&wid=200&hei=200,,1784500,178-4500,,Liquidation◊Exclusivité,50.81,"3,93","7,99"
423,"Donnacona, QC","Barre à DEL Alpena, 22","Barre à DEL Alpena, 22",51.93,"51,93 $",209.99,"Était±  209,99 $prix était 209,99 $",51.93,"51,93 $",51.93,"51,93 $",true,https://www.canadiantire.ca/fr/pdp/barre-a-del-alpena-22-0203815p.html,https://www.canadiantire.ca/fr/pdp/barre-a-del-alpena-22-0203815p.html,https://media-www.canadiantire.ca/product/automotive/automotive-outdoor-adventure/auto-travel-storage/0203815/led-bar-22-64acad47-6fa2-4774-99be-00d2e03978cf-jpgrendition.jpg?im=whresize&wid=200&hei=200,https://media-www.canadiantire.ca/product/automotive/automotive-outdoor-adventure/auto-travel-storage/0203815/led-bar-22-64acad47-6fa2-4774-99be-00d2e03978cf-jpgrendition.jpg?im=whresize&wid=200&hei=200,,0203815,020-3815-6,,Liquidation◊Mieux notés,75.27,"51,93","209,99"
423,"Donnacona, QC",Lampe à DEL de surface 12 V Shoreline Marine,Lampe à DEL de surface 12 V Shoreline Marine,7.93,"7,93 $",22.99,"Était±  22,99 $prix était 22,99 $",7.93,"7,93 $",7.93,"7,93 $",true,https://www.canadiantire.ca/fr/pdp/lampe-a-del-de-surface-12-v-shoreline-marine-0792441p.html,https://www.canadiantire.ca/fr/pdp/lampe-a-del-de-surface-12-v-shoreline-marine-0792441p.html,https://media-www.canadiantire.ca/product/playing/seasonal-recreation/marine-power-boating/0792441/led-surface-mounting-light-47c49988-e8cd-47d6-a992-bf582913f4ca-jpgrendition.jpg?im=whresize&wid=200&hei=200,https://media-www.canadiantire.ca/product/playing/seasonal-recreation/marine-power-boating/0792441/led-surface-mounting-light-47c49988-e8cd-47d6-a992-bf582913f4ca-jpgrendition.jpg?im=whresize&wid=200&hei=200,,0792441,079-2441-2,Il n’en reste que 1 #079-2441-2,Liquidation◊Mieux notés,65.51,"7,93","22,99"
423,"Donnacona, QC","Joint de rechange Graco TrueAirless, à utiliser avec le protecteur Hand-Tight RAC IV","Joint de rechange Graco TrueAirless, à utiliser avec le protecteur Hand-Tight RAC IV",9.93,"9,93 $",19.99,"Était±  19,99 $prix était 19,99 $",9.93,"9,93 $",9.93,"9,93 $",true,https://www.canadiantire.ca/fr/pdp/joint-de-rechange-graco-trueairless-a-utiliser-avec-le-protecteur-hand-tight-rac-iv-0492556p.html,https://www.canadiantire.ca/fr/pdp/joint-de-rechange-graco-trueairless-a-utiliser-avec-le-protecteur-hand-tight-rac-iv-0492556p.html,https://media-www.canadiantire.ca/product/fixing/paint/paint-accessories/0492556/trueairless-single-seal-dec86a48-d64d-4d31-86d9-bb95629724ed-jpgrendition.jpg?im=whresize&wid=200&hei=200,https://media-www.canadiantire.ca/product/fixing/paint/paint-accessories/0492556/trueairless-single-seal-dec86a48-d64d-4d31-86d9-bb95629724ed-jpgrendition.jpg?im=whresize&wid=200&hei=200,,0492556,049-2556-2,Il n’en reste que 1 #049-2556-2,Liquidation◊,50.33,"9,93","19,99"
423,"Donnacona, QC","Ensemble de pluviomètres 5 po et 1 po Continental, 2 pièces","Ensemble de pluviomètres 5 po et 1 po Continental, 2 pièces",4.93,"4,93 $",9.99,"Était±  9,99 $prix était 9,99 $",4.93,"4,93 $",4.93,"4,93 $",true,https://www.canadiantire.ca/fr/pdp/ensemble-de-pluviometres-5-po-et-1-po-continental-2-pieces-0593231p.html,https://www.canadiantire.ca/fr/pdp/ensemble-de-pluviometres-5-po-et-1-po-continental-2-pieces-0593231p.html,https://media-www.canadiantire.ca/product/seasonal-gardening/outdoor-tools/watering/0593231/rain-gauge-2-pc-79a3b146-d696-4557-804d-fc510d332bed-jpgrendition.jpg?im=whresize&wid=200&hei=200,https://media-www.canadiantire.ca/product/seasonal-gardening/outdoor-tools/watering/0593231/rain-gauge-2-pc-79a3b146-d696-4557-804d-fc510d332bed-jpgrendition.jpg?im=whresize&wid=200&hei=200,,0593231,059-3231-4,Il n’en reste que 7 #059-3231-4,Liquidation◊,50.65,"4,93","9,99"
423,"Donnacona, QC",Gaine de pédale de frein et d'embrayage Dorman,Gaine de pédale de frein et d'embrayage Dorman,1.73,"1,73 $",9.99,"Était±  9,99 $prix était 9,99 $",1.73,"1,73 $",1.73,"1,73 $",true,https://www.canadiantire.ca/fr/pdp/gaine-de-pedale-de-frein-et-d-embrayage-dorman-0245642p.html,https://www.canadiantire.ca/fr/pdp/gaine-de-pedale-de-frein-et-d-embrayage-dorman-0245642p.html,https://media-www.canadiantire.ca/product/automotive/light-auto-parts/general-auto-repair/0245642/20729-ford-brake-and-clutch-pedal-pad-475e9dbf-1496-47fb-ab67-5b41f1ec7a57.png?im=whresize&wid=200&hei=200,https://media-www.canadiantire.ca/product/automotive/light-auto-parts/general-auto-repair/0245642/20729-ford-brake-and-clutch-pedal-pad-475e9dbf-1496-47fb-ab67-5b41f1ec7a57.png?im=whresize&wid=200&hei=200,,0245642,024-5642-6,Il n’en reste que 1 #024-5642-6,Liquidation◊,82.68,"1,73","9,99"
423,"Donnacona, QC",Leurre Lucky Strike Lake à montage spécial,Leurre Lucky Strike Lake à montage spécial,5.43,"5,43 $",10.99,"10,99 $Était   et+ prix était à partir de 10,99 $",5.43,"5,43 $",5.43,"5,43 $",true,https://www.canadiantire.ca/fr/pdp/leurre-lucky-strike-lake-a-montage-special-0782338p.html,https://www.canadiantire.ca/fr/pdp/leurre-lucky-strike-lake-a-montage-special-0782338p.html,https://media-www.canadiantire.ca/product/playing/fishing/fishing-lures/0782338/lucky-strike-lake-special-rig-nickel-blue-tape-219ead2e-d084-45cd-868c-cead01e58a3a-jpgrendition.jpg?im=whresize&wid=200&hei=200,https://media-www.canadiantire.ca/product/playing/fishing/fishing-lures/0782338/lucky-strike-lake-special-rig-nickel-blue-tape-219ead2e-d084-45cd-868c-cead01e58a3a-jpgrendition.jpg?im=whresize&wid=200&hei=200,,0782338,078-2338,,Liquidation◊Mieux notés,50.59,"5,43","10,99"
423,"Donnacona, QC","Ballon en aluminium satiné rond bébé floral Sweet Baby Girl, rose/vert/or, floral, 17 po, gonflement à l'hélium et ruban inclus, pour fête prénatale","Ballon en aluminium satiné rond bébé floral Sweet Baby Girl, rose/vert/or, floral, 17 po, gonflement à l'hélium et ruban inclus, pour fête prénatale",1.79,"1,79 $",6.99,"Était±  6,99 $prix était 6,99 $",1.79,"1,79 $",1.79,"1,79 $",true,https://www.canadiantire.ca/fr/pdp/ballon-en-aluminium-satine-rond-bebe-floral-sweet-baby-girl-rose-vert-or-floral-17-po-gonflement-a-l-helium-et-ruban-inclus-pour-fete-prenatale-8424540p.html,https://www.canadiantire.ca/fr/pdp/ballon-en-aluminium-satine-rond-bebe-floral-sweet-baby-girl-rose-vert-or-floral-17-po-gonflement-a-l-helium-et-ruban-inclus-pour-fete-prenatale-8424540p.html,https://media-www.partycity.ca/product/seasonal-gardening/party-city-everyday/party-city-party-supplies-decor/8424540/floral-baby-std-0972eae3-d911-48aa-8513-fd16129b5e0f-jpgrendition.jpg?im=whresize&wid=200&hei=200,https://media-www.partycity.ca/product/seasonal-gardening/party-city-everyday/party-city-party-supplies-decor/8424540/floral-baby-std-0972eae3-d911-48aa-8513-fd16129b5e0f-jpgrendition.jpg?im=whresize&wid=200&hei=200,,8424540,842-4540-6,Il n’en reste que 3 #842-4540-6,Liquidation◊Mieux notés,74.39,"1,79","6,99"
423,"Donnacona, QC","Peinture de retouche Scratch Fix All-in-1, cachemire argenté (M) (YR505M)","Peinture de retouche Scratch Fix All-in-1, cachemire argenté (M) (YR505M)",1.73,"1,73 $",20.99,"Était±  20,99 $prix était 20,99 $",1.73,"1,73 $",1.73,"1,73 $",true,https://www.canadiantire.ca/fr/pdp/peinture-de-retouche-scratch-fix-all-in-1-cachemire-argente-m-yr505m-0474904p.html,https://www.canadiantire.ca/fr/pdp/peinture-de-retouche-scratch-fix-all-in-1-cachemire-argente-m-yr505m-0474904p.html,https://media-www.canadiantire.ca/product/automotive/car-care-accessories/auto-body-repair/0474904/scratch-fix-honda-cashmere-slvr-m-all-in-1-3c186d7c-5a67-4261-91e9-b6bc1339d274.png?im=whresize&wid=200&hei=200,https://media-www.canadiantire.ca/product/automotive/car-care-accessories/auto-body-repair/0474904/scratch-fix-honda-cashmere-slvr-m-all-in-1-3c186d7c-5a67-4261-91e9-b6bc1339d274.png?im=whresize&wid=200&hei=200,,0474904,047-4904-6,,Liquidation◊,91.76,"1,73","20,99"
423,"Donnacona, QC",Connecteur rond 6 pôles en métal côté véhicule Hopkins Towing Solution Endurance,Connecteur rond 6 pôles en métal côté véhicule Hopkins Towing Solution Endurance,7.93,"7,93 $",24.99,"Était±  24,99 $prix était 24,99 $",7.93,"7,93 $",7.93,"7,93 $",true,https://www.canadiantire.ca/fr/pdp/connecteur-rond-6-poles-en-metal-cote-vehicule-hopkins-towing-solution-endurance-0409680p.html,https://www.canadiantire.ca/fr/pdp/connecteur-rond-6-poles-en-metal-cote-vehicule-hopkins-towing-solution-endurance-0409680p.html,https://media-www.canadiantire.ca/product/automotive/automotive-outdoor-adventure/auto-travel-storage/0409680/endurance-6-pole-round-vehicle-end-metal--206f47b2-dbb0-4b2a-b2f9-d6d4022185c6-jpgrendition.jpg?im=whresize&wid=200&hei=200,https://media-www.canadiantire.ca/product/automotive/automotive-outdoor-adventure/auto-travel-storage/0409680/endurance-6-pole-round-vehicle-end-metal--206f47b2-dbb0-4b2a-b2f9-d6d4022185c6-jpgrendition.jpg?im=whresize&wid=200&hei=200,,0409680,040-9680-0,Il n’en reste que 2 #040-9680-0,Liquidation◊Mieux notés,68.27,"7,93","24,99"
423,"Donnacona, QC","Leurre pour pêche blanche Rapala Jigging Rap, taille 5","Leurre pour pêche blanche Rapala Jigging Rap, taille 5",4.43,"4,43 $",10.99,"10,99 $Était   et+ prix était à partir de 10,99 $",4.43,"4,43 $",4.43,"4,43 $",true,https://www.canadiantire.ca/fr/pdp/leurre-pour-peche-blanche-rapala-jigging-rap-taille-5-0777891p.html,https://www.canadiantire.ca/fr/pdp/leurre-pour-peche-blanche-rapala-jigging-rap-taille-5-0777891p.html,https://media-www.canadiantire.ca/product/playing/fishing/ice-fishing/0777893/rapala-jigging-rap-live-goby-05-a3fd94e4-84d3-49d1-86e6-1fa4bf193fc4-jpgrendition.jpg?im=whresize&wid=200&hei=200,https://media-www.canadiantire.ca/product/playing/fishing/ice-fishing/0777893/rapala-jigging-rap-live-goby-05-a3fd94e4-84d3-49d1-86e6-1fa4bf193fc4-jpgrendition.jpg?im=whresize&wid=200&hei=200,,0777891,077-7891,,Liquidation◊Mieux notés,59.69,"4,43","10,99"
423,"Donnacona, QC","Pantoufles de maison à doublure en molleton douce et chaude Outbound, dames, antidérapant, vert, paq. 2","Pantoufles de maison à doublure en molleton douce et chaude Outbound, dames, antidérapant, vert, paq. 2",2.93,"2,93 $",14.99,"14,99 $Était   et+ prix était à partir de 14,99 $",2.93,"2,93 $",2.93,"2,93 $",true,https://www.canadiantire.ca/fr/pdp/pantoufles-de-maison-a-doublure-en-molleton-douce-et-chaude-outbound-dames-antiderapant-vert-paq-2-1872370p.html,https://www.canadiantire.ca/fr/pdp/pantoufles-de-maison-a-doublure-en-molleton-douce-et-chaude-outbound-dames-antiderapant-vert-paq-2-1872370p.html,https://media-www.canadiantire.ca/product/playing/footwear-apparel/winter-footwear-apparel/1872370/outbound-women-s-2pk-green-slipper-sock-5-6-7f860110-4d85-4fa7-b4fe-dbd21c7900bf-jpgrendition.jpg?im=whresize&wid=200&hei=200,https://media-www.canadiantire.ca/product/playing/footwear-apparel/winter-footwear-apparel/1872370/outbound-women-s-2pk-green-slipper-sock-5-6-7f860110-4d85-4fa7-b4fe-dbd21c7900bf-jpgrendition.jpg?im=whresize&wid=200&hei=200,,1872370,187-2370,,Liquidation◊Mieux notés,80.45,"2,93","14,99"
423,"Donnacona, QC",Appât pour pêche blanche Lunkerhunt Nose Down Straight Up,Appât pour pêche blanche Lunkerhunt Nose Down Straight Up,2.63,"2,63 $",8.99,"8,99 $Était   et+ prix était à partir de 8,99 $",2.63,"2,63 $",2.63,"2,63 $",true,https://www.canadiantire.ca/fr/pdp/appat-pour-peche-blanche-lunkerhunt-nose-down-straight-up-0771200p.html,https://www.canadiantire.ca/fr/pdp/appat-pour-peche-blanche-lunkerhunt-nose-down-straight-up-0771200p.html,https://media-www.canadiantire.ca/product/playing/fishing/ice-fishing/0771201/lunkerhunt-nose-down-3-8-oz-glow-chartreuse-f736d453-6fbe-4670-b8b8-b1817a7a31b1-jpgrendition.jpg?im=whresize&wid=200&hei=200,https://media-www.canadiantire.ca/product/playing/fishing/ice-fishing/0771201/lunkerhunt-nose-down-3-8-oz-glow-chartreuse-f736d453-6fbe-4670-b8b8-b1817a7a31b1-jpgrendition.jpg?im=whresize&wid=200&hei=200,,0771200,077-1200,,Liquidation◊,70.75,"2,63","8,99"
423,"Donnacona, QC","Leurre pour pêche blanche Rapala Jigging Rap, taille 7","Leurre pour pêche blanche Rapala Jigging Rap, taille 7",5.23,"5,23 $",10.99,"10,99 $Était   et+ prix était à partir de 10,99 $",5.23,"5,23 $",5.23,"5,23 $",true,https://www.canadiantire.ca/fr/pdp/leurre-pour-peche-blanche-rapala-jigging-rap-taille-7-0777894p.html,https://www.canadiantire.ca/fr/pdp/leurre-pour-peche-blanche-rapala-jigging-rap-taille-7-0777894p.html,https://media-www.canadiantire.ca/product/playing/fishing/ice-fishing/0777894/rapala-jigging-rap-live-goby-07-10c72cac-cd3e-4f31-8fa3-b7a775979e25-jpgrendition.jpg?im=whresize&wid=200&hei=200,https://media-www.canadiantire.ca/product/playing/fishing/ice-fishing/0777894/rapala-jigging-rap-live-goby-07-10c72cac-cd3e-4f31-8fa3-b7a775979e25-jpgrendition.jpg?im=whresize&wid=200&hei=200,,0777894,077-7894,,Liquidation◊,52.41,"5,23","10,99"
423,"Donnacona, QC","Chaise longue gonflable de piscine, 72 x 27 po, couleurs variées","Chaise longue gonflable de piscine, 72 x 27 po, couleurs variées",3.43,"3,43 $",6.99,"Était±  6,99 $prix était 6,99 $",3.43,"3,43 $",3.43,"3,43 $",true,https://www.canadiantire.ca/fr/pdp/chaise-longue-gonflable-de-piscine-72-x-27-po-couleurs-variees-0810086p.html,https://www.canadiantire.ca/fr/pdp/chaise-longue-gonflable-de-piscine-72-x-27-po-couleurs-variees-0810086p.html,https://media-www.canadiantire.ca/product/seasonal-gardening/backyard-fun/pool-fun/0810086/assorted-inflatable-pool-lounge-72-x-27--7780ba15-f653-4d3e-a7c9-fea56fd3d860-jpgrendition.jpg?im=whresize&wid=200&hei=200,https://media-www.canadiantire.ca/product/seasonal-gardening/backyard-fun/pool-fun/0810086/assorted-inflatable-pool-lounge-72-x-27--7780ba15-f653-4d3e-a7c9-fea56fd3d860-jpgrendition.jpg?im=whresize&wid=200&hei=200,,0810086,081-0086-2,,Liquidation◊Articles à succès,50.93,"3,43","6,99"
423,"Donnacona, QC","Gilet de sauvetage VFI en Evoprene Body Glove pour adultes, bleu, tailles variées","Gilet de sauvetage VFI en Evoprene Body Glove pour adultes, bleu, tailles variées",44.93,"44,93 $",99.99,"99,99 $Était   et+ prix était à partir de 99,99 $",44.93,"44,93 $",44.93,"44,93 $",true,https://www.canadiantire.ca/fr/pdp/gilet-de-sauvetage-vfi-en-evoprene-body-glove-pour-adultes-bleu-tailles-variees-0793081p.html,https://www.canadiantire.ca/fr/pdp/gilet-de-sauvetage-vfi-en-evoprene-body-glove-pour-adultes-bleu-tailles-variees-0793081p.html,https://media-www.canadiantire.ca/product/playing/seasonal-recreation/marine-water-fun/0793081/body-glove-adult-evoprene-pfd-blue-medium-f5734d19-8cd5-487c-875f-e200e66277fd.png?im=whresize&wid=200&hei=200,https://media-www.canadiantire.ca/product/playing/seasonal-recreation/marine-water-fun/0793081/body-glove-adult-evoprene-pfd-blue-medium-f5734d19-8cd5-487c-875f-e200e66277fd.png?im=whresize&wid=200&hei=200,,0793081,079-3081,,Liquidation◊Mieux notés,55.07,"44,93","99,99"
423,"Donnacona, QC","Assainisseur d'air à pince pour bouche d'air Febreze AUTO, boisé en soirée, 2,2 mL, paq. 2","Assainisseur d'air à pince pour bouche d'air Febreze AUTO, boisé en soirée, 2,2 mL, paq. 2",3.93,"3,93 $",7.99,"Était±  7,99 $prix était 7,99 $",3.93,"3,93 $",3.93,"3,93 $",true,https://www.canadiantire.ca/fr/pdp/assainisseur-d-air-a-pince-pour-bouche-d-air-febreze-auto-boise-en-soiree-2-2-ml-paq-2-0374951p.html,https://www.canadiantire.ca/fr/pdp/assainisseur-d-air-a-pince-pour-bouche-d-air-febreze-auto-boise-en-soiree-2-2-ml-paq-2-0374951p.html,https://media-www.canadiantire.ca/product/automotive/car-care-accessories/auto-accessories/0374951/febreze-evening-woods-2-count-vent-clip-air-freshener-815653a4-ed30-467f-80e8-24b8cb3c7bc7-jpgrendition.jpg?im=whresize&wid=200&hei=200,https://media-www.canadiantire.ca/product/automotive/car-care-accessories/auto-accessories/0374951/febreze-evening-woods-2-count-vent-clip-air-freshener-815653a4-ed30-467f-80e8-24b8cb3c7bc7-jpgrendition.jpg?im=whresize&wid=200&hei=200,,0374951,037-4951-6,,Liquidation◊Mieux notés,50.81,"3,93","7,99"
423,"Donnacona, QC","Télémètre laser de chasse Halo TG500-9, noir","Télémètre laser de chasse Halo TG500-9, noir",89.93,"89,93 $",199.99,"Était±  199,99 $prix était 199,99 $",89.93,"89,93 $",89.93,"89,93 $",true,https://www.canadiantire.ca/fr/pdp/telemetre-laser-de-chasse-halo-tg500-9-noir-2759323p.html,https://www.canadiantire.ca/fr/pdp/telemetre-laser-de-chasse-halo-tg500-9-noir-2759323p.html,https://media-www.canadiantire.ca/product/playing/hunting/hunting-equipment/2759323/halo-lrf-xl500-9-500-yds-74c07374-5825-49a0-9a69-d9ab1daf1e34-jpgrendition.jpg?im=whresize&wid=200&hei=200,https://media-www.canadiantire.ca/product/playing/hunting/hunting-equipment/2759323/halo-lrf-xl500-9-500-yds-74c07374-5825-49a0-9a69-d9ab1daf1e34-jpgrendition.jpg?im=whresize&wid=200&hei=200,,2759323,275-9323-4,,Liquidation◊Mieux notés,55.03,"89,93","199,99"
423,"Donnacona, QC",Bol CANVAS Palm Breeze,Bol CANVAS Palm Breeze,1.23,"1,23 $",4.99,"Était±  4,99 $prix était 4,99 $",1.23,"1,23 $",1.23,"1,23 $",true,https://www.canadiantire.ca/fr/pdp/bol-canvas-palm-breeze-0597345p.html,https://www.canadiantire.ca/fr/pdp/bol-canvas-palm-breeze-0597345p.html,https://media-www.canadiantire.ca/product/seasonal-gardening/backyard-living/outdoor-living-accessories/0597345/canvas-palm-breeze-bowl-8d39539e-3dd9-4c10-9208-2edc378c6064-jpgrendition.jpg?im=whresize&wid=200&hei=200,https://media-www.canadiantire.ca/product/seasonal-gardening/backyard-living/outdoor-living-accessories/0597345/canvas-palm-breeze-bowl-8d39539e-3dd9-4c10-9208-2edc378c6064-jpgrendition.jpg?im=whresize&wid=200&hei=200,,0597345,059-7345-0,,Liquidation◊Mieux notés,75.35,"1,23","4,99"
423,"Donnacona, QC","Casquette de baseball résistante aux insectes pour adultes avec filet à couverture complète pour le camping, la pêche et la randonnée","Casquette de baseball résistante aux insectes pour adultes avec filet à couverture complète pour le camping, la pêche et la randonnée",3.93,"3,93 $",11.99,"Était±  11,99 $prix était 11,99 $",3.93,"3,93 $",3.93,"3,93 $",true,https://www.canadiantire.ca/fr/pdp/casquette-de-baseball-resistante-aux-insectes-pour-adultes-avec-filet-a-couverture-complete-pour-le-camping-la-peche-et-la-randonnee-0780118p.html,https://www.canadiantire.ca/fr/pdp/casquette-de-baseball-resistante-aux-insectes-pour-adultes-avec-filet-a-couverture-complete-pour-le-camping-la-peche-et-la-randonnee-0780118p.html,https://media-www.canadiantire.ca/product/playing/footwear-apparel/summer-footwear-apparel/0780118/forest-bug-hat-4e16a449-ca19-4451-ba42-4e84e78d8f58-jpgrendition.jpg?im=whresize&wid=200&hei=200,https://media-www.canadiantire.ca/product/playing/footwear-apparel/summer-footwear-apparel/0780118/forest-bug-hat-4e16a449-ca19-4451-ba42-4e84e78d8f58-jpgrendition.jpg?im=whresize&wid=200&hei=200,,0780118,078-0118-8,,Liquidation◊,67.22,"3,93","11,99"
423,"Donnacona, QC","Support de remorque bloc CAMCO 44636, plastique, jaune, paq. 5","Support de remorque bloc CAMCO 44636, plastique, jaune, paq. 5",4,"4,00 $",9.99,"Était±  9,99 $prix était 9,99 $",4,"4,00 $",4,"4,00 $",true,https://www.canadiantire.ca/fr/pdp/support-de-remorque-bloc-camco-44636-plastique-jaune-paq-5-0401907p.html,https://www.canadiantire.ca/fr/pdp/support-de-remorque-bloc-camco-44636-plastique-jaune-paq-5-0401907p.html,https://media-www.canadiantire.ca/product/automotive/automotive-outdoor-adventure/auto-travel-storage/0401907/block-tongue-jack-stand-83f0fe72-a842-45f9-8d50-263051a19802-jpgrendition.jpg?im=whresize&wid=200&hei=200,https://media-www.canadiantire.ca/product/automotive/automotive-outdoor-adventure/auto-travel-storage/0401907/block-tongue-jack-stand-83f0fe72-a842-45f9-8d50-263051a19802-jpgrendition.jpg?im=whresize&wid=200&hei=200,,0401907,040-1907-2,Il n’en reste que 1 #040-1907-2,Liquidation◊,59.96,"4,00","9,99"
423,"Donnacona, QC","Couvre-réservoir pour VR Camco Rhino, petit","Couvre-réservoir pour VR Camco Rhino, petit",17.93,"17,93 $",59.99,"Était±  59,99 $prix était 59,99 $",17.93,"17,93 $",17.93,"17,93 $",true,https://www.canadiantire.ca/fr/pdp/couvre-reservoir-pour-vr-camco-rhino-petit-0401992p.html,https://www.canadiantire.ca/fr/pdp/couvre-reservoir-pour-vr-camco-rhino-petit-0401992p.html,https://media-www.canadiantire.ca/product/automotive/automotive-outdoor-adventure/auto-travel-storage/0401992/rhino-tote-tank-cover-small-cd5a7298-453b-419c-b651-1bb3c552b94e-jpgrendition.jpg?im=whresize&wid=200&hei=200,https://media-www.canadiantire.ca/product/automotive/automotive-outdoor-adventure/auto-travel-storage/0401992/rhino-tote-tank-cover-small-cd5a7298-453b-419c-b651-1bb3c552b94e-jpgrendition.jpg?im=whresize&wid=200&hei=200,,0401992,040-1992-6,,Liquidation◊,70.11,"17,93","59,99"
423,"Donnacona, QC","Jardinière ovale à rail en plastique Bloem Modica, tailles et couleurs variées","Jardinière ovale à rail en plastique Bloem Modica, tailles et couleurs variées",2.93,"2,93 $",12.99,"12,99 $Était   et+ prix était à partir de 12,99 $",2.93,"2,93 $",2.93,"2,93 $",true,https://www.canadiantire.ca/fr/pdp/jardiniere-ovale-a-rail-en-plastique-bloem-modica-tailles-et-couleurs-variees-0591200p.html,https://www.canadiantire.ca/fr/pdp/jardiniere-ovale-a-rail-en-plastique-bloem-modica-tailles-et-couleurs-variees-0591200p.html,https://media-www.canadiantire.ca/product/seasonal-gardening/gardening/gardening-plant-accessories/0591200/bloem-modica-rail-planter-mixed-colours-12-in-c7c2a618-62fa-4a12-9c92-8dade16c627f.png?im=whresize&wid=200&hei=200,https://media-www.canadiantire.ca/product/seasonal-gardening/gardening/gardening-plant-accessories/0591200/bloem-modica-rail-planter-mixed-colours-12-in-c7c2a618-62fa-4a12-9c92-8dade16c627f.png?im=whresize&wid=200&hei=200,,0591200,059-1200,,Liquidation◊,77.44,"2,93","12,99"
423,"Donnacona, QC","Jardinière ronde en résine Southern Patio Verona, tailles variées, terre cuite","Jardinière ronde en résine Southern Patio Verona, tailles variées, terre cuite",12.93,"12,93 $",39.99,"Était±  39,99 $prix était 39,99 $",12.93,"12,93 $",12.93,"12,93 $",true,https://www.canadiantire.ca/fr/pdp/jardiniere-ronde-en-resine-southern-patio-verona-tailles-variees-terre-cuite-1591633p.html,https://www.canadiantire.ca/fr/pdp/jardiniere-ronde-en-resine-southern-patio-verona-tailles-variees-terre-cuite-1591633p.html,https://media-www.canadiantire.ca/product/seasonal-gardening/gardening/gardening-plant-accessories/1591633/14-verona-round-terra-cotta-de80189b-15ab-4a40-a184-c7a71f3b3921-jpgrendition.jpg?im=whresize&wid=200&hei=200,https://media-www.canadiantire.ca/product/seasonal-gardening/gardening/gardening-plant-accessories/1591633/14-verona-round-terra-cotta-de80189b-15ab-4a40-a184-c7a71f3b3921-jpgrendition.jpg?im=whresize&wid=200&hei=200,,1591633,159-1633,,Liquidation◊Mieux notés,67.67,"12,93","39,99"
423,"Donnacona, QC","Rétroviseurs grand angle, camion Chevrolet/GMC, 2007 et plus","Rétroviseurs grand angle, camion Chevrolet/GMC, 2007 et plus",5,"5,00 $",12.99,"Était±  12,99 $prix était 12,99 $",5,"5,00 $",5,"5,00 $",true,https://www.canadiantire.ca/fr/pdp/retroviseurs-grand-angle-camion-chevrolet-gmc-2007-et-plus-0361510p.html,https://www.canadiantire.ca/fr/pdp/retroviseurs-grand-angle-camion-chevrolet-gmc-2007-et-plus-0361510p.html,https://media-www.canadiantire.ca/product/automotive/car-care-accessories/auto-accessories/0361510/chevy-gmc-truck-spot-mirror-pair-07-up-d6b5b25c-6d4d-4309-81e3-74d42a87c291.png?im=whresize&wid=200&hei=200,https://media-www.canadiantire.ca/product/automotive/car-care-accessories/auto-accessories/0361510/chevy-gmc-truck-spot-mirror-pair-07-up-d6b5b25c-6d4d-4309-81e3-74d42a87c291.png?im=whresize&wid=200&hei=200,,0361510,036-1510-6,Il n’en reste que 4 #036-1510-6,Liquidation◊,61.51,"5,00","12,99"
423,"Donnacona, QC","Affiche de porche For Living Boo, noir/blanc, 3 pi, décoration intérieure/extérieure pour l'Halloween","Affiche de porche For Living Boo, noir/blanc, 3 pi, décoration intérieure/extérieure pour l'Halloween",11.93,"11,93 $",24.99,"Était±  24,99 $prix était 24,99 $",11.93,"11,93 $",11.93,"11,93 $",true,https://www.canadiantire.ca/fr/pdp/affiche-de-porche-for-living-boo-noir-blanc-3-pi-decoration-interieure-exterieure-pour-l-halloween-1519217p.html,https://www.canadiantire.ca/fr/pdp/affiche-de-porche-for-living-boo-noir-blanc-3-pi-decoration-interieure-exterieure-pour-l-halloween-1519217p.html,https://media-www.canadiantire.ca/product/seasonal-gardening/seasonal/halloween-harvest/1519217/36-boo-porch-sign-375c8f2b-93ee-47e5-ba10-28961b84e130-jpgrendition.jpg?im=whresize&wid=200&hei=200,https://media-www.canadiantire.ca/product/seasonal-gardening/seasonal/halloween-harvest/1519217/36-boo-porch-sign-375c8f2b-93ee-47e5-ba10-28961b84e130-jpgrendition.jpg?im=whresize&wid=200&hei=200,,1519217,151-9217-2,,Liquidation◊Exclusivité,52.26,"11,93","24,99"
423,"Donnacona, QC","Ballon en aluminium satiné rond français Félicitations, multicolore, 18 po ruban et gonflage hélium compris, pour remise des diplômes/anniversaires/mariage","Ballon en aluminium satiné rond français Félicitations, multicolore, 18 po ruban et gonflage hélium compris, pour remise des diplômes/anniversaires/mariage",0.93,"0,93 $",6.99,"Était±  6,99 $prix était 6,99 $",0.93,"0,93 $",0.93,"0,93 $",true,https://www.canadiantire.ca/fr/pdp/ballon-en-aluminium-satine-rond-francais-felicitations-multicolore-18-po-ruban-et-gonflage-helium-compris-pour-remise-des-diplomes-anniversaires-mariage-8546971p.html,https://www.canadiantire.ca/fr/pdp/ballon-en-aluminium-satine-rond-francais-felicitations-multicolore-18-po-ruban-et-gonflage-helium-compris-pour-remise-des-diplomes-anniversaires-mariage-8546971p.html,https://media-www.canadiantire.ca/product/seasonal-gardening/party-city-everyday/party-city-party-supplies-decor/8546971/standard-foil-balloon-felicitations-eclaboussures-fc6e7342-0944-4383-bc01-355047af97ff-jpgrendition.jpg?im=whresize&wid=200&hei=200,https://media-www.canadiantire.ca/product/seasonal-gardening/party-city-everyday/party-city-party-supplies-decor/8546971/standard-foil-balloon-felicitations-eclaboussures-fc6e7342-0944-4383-bc01-355047af97ff-jpgrendition.jpg?im=whresize&wid=200&hei=200,,8546971,854-6971-0,,Liquidation◊Hélium compris,86.7,"0,93","6,99"
